user,activity,timestamp,x-axis,y-axis,z-axis,time_s,periodicity,temporal_stability,coordination
21,Walking,118023931525000,-0.23,1.54,0.69,170.299286,1.0,0.5,0.5
21,Walking,118023973120000,-1.31,3.87,2.96,170.340881,1.0,0.5,0.5
21,Walking,118024011481000,0.27,9.89,5.94,170.379242,1.0,0.5,0.5
21,Walking,118024051550000,0.08,14.86,7.97,170.419311,1.0,0.5,0.5
21,Walking,118024131537000,1.08,10.65,5.05,170.499298,1.0,0.5,0.5
21,Walking,118024171606000,-1.14,14.9,0.04,170.539367,1.0,0.5,0.5
21,Walking,118024171606000,-1.14,14.9,0.04,170.539367,1.0,0.5,0.5
21,Walking,118024272406000,5.48,10.34,-0.8,170.640167,1.0,0.5,0.5
21,Walking,118024311407000,-1.69,7.89,3.53,170.679168,1.0,0.5,0.5
21,Walking,118024351416000,-0.95,4.79,-0.89,170.719177,1.0,0.5,0.5
21,Walking,118024431616000,1.04,7.12,1.95,170.799377,1.0,0.5,0.5
21,Walking,118024471503000,2.6,7.74,2.14,170.839264,1.0,0.5,0.5
21,Walking,118024511664000,2.14,7.59,2.87,170.879425,1.0,0.5,0.5
21,Walking,118024552252000,3.53,8.35,2.56,170.920013,1.0,0.5,0.5
21,Walking,118024631506000,1.69,14.44,1.46,170.999267,1.0,0.5,0.5
21,Walking,118024671606000,1.08,12.64,-1.88,171.039367,1.0,0.5,0.5
21,Walking,118024711523000,-0.95,12.53,-2.45,171.079284,1.0,0.5,0.5
21,Walking,118024751563000,-3.76,17.86,2.56,171.119324,1.0,0.5,0.5
21,Walking,118024831763000,4.1,7.16,1.18,171.199524,1.0,0.5,0.5
21,Walking,118024871466000,0.19,2.37,1.53,171.239227,1.0,0.5,0.5
21,Walking,118024911627000,0.15,2.83,1.27,171.279388,1.0,0.5,0.5
21,Walking,118024951514000,-1.18,2.96,1.46,171.319275,1.0,0.5,0.5
21,Walking,118025032568000,0.95,8.66,6.28,171.400329,1.0,0.5,0.5
21,Walking,118025071478000,1.8,14.18,7.97,171.439239,1.0,0.5,0.5
21,Walking,118025111670000,-0.31,11.73,10.65,171.479431,1.0,0.5,0.5
21,Walking,118025151587000,0.23,14.44,3.6,171.519348,1.0,0.5,0.5
21,Walking,118025233679000,-0.95,6.4,1.88,171.60144,1.0,0.5,0.5
21,Walking,118025271460000,7.7,11.37,-0.72,171.639221,1.0,0.5,0.5
21,Walking,118025315222000,-0.23,7.08,2.98,171.682983,1.0,0.5,0.5
21,Walking,118025351569000,-2.68,4.86,1.38,171.71933,1.0,0.5,0.5
21,Walking,118025431616000,1.12,7.5,1.88,171.799377,1.0,0.5,0.5
21,Walking,118025471625000,1.65,8.01,1.53,171.839386,1.0,0.5,0.5
21,Walking,118025511603000,1.92,7.27,2.34,171.879364,1.0,0.5,0.5
21,Walking,118025551642000,1.5,8.12,2.56,171.919403,1.0,0.5,0.5
21,Walking,118025631476000,3.98,11.75,2.56,171.999237,1.0,0.5,0.5
21,Walking,118025671606000,1.92,14.63,0.23,172.039367,1.0,0.5,0.5
21,Walking,118025711523000,2.37,11.14,-3.3,172.079284,1.0,0.5,0.5
21,Walking,118025751501000,-2.96,15.02,-1.12,172.119262,1.0,0.5,0.5
21,Walking,118025832617000,4.06,9.15,0.27,172.200378,1.0,0.5,0.5
21,Walking,118025871466000,2.79,5.05,1.46,172.239227,1.0,0.5,0.5
21,Walking,118025911536000,-0.34,2.34,1.38,172.279297,1.0,0.5,0.5
21,Walking,118025951544000,-0.95,3.15,0.95,172.319305,1.0,0.5,0.5
21,Walking,118026031592000,-0.76,6.47,3.83,172.399353,1.0,0.5,0.5
21,Walking,118026071600000,1.18,13.44,7.5,172.439361,1.0,0.5,0.5
21,Walking,118026111609000,0.08,13.67,10.46,172.47937,1.0,0.5,0.5
21,Walking,118026151587000,2.14,8.62,7.89,172.519348,1.0,0.5,0.5
21,Walking,118026233649000,-4.37,6.32,2.91,172.60141,1.0,0.5,0.5
21,Walking,118026271460000,1.99,7.21,0.84,172.639221,1.0,0.5,0.5
21,Walking,118026315375000,6.28,11.3,0.46,172.683136,1.0,0.5,0.5
21,Walking,118026351538000,-1.8,7.5,3.91,172.719299,1.0,0.5,0.5
21,Walking,118026431555000,3.49,8.24,0.3,172.799316,1.0,0.5,0.5
21,Walking,118026471747000,1.04,6.59,1.33,172.839508,1.0,0.5,0.5
21,Walking,118026511572000,2.07,7.89,1.69,172.879333,1.0,0.5,0.5
21,Walking,118026551642000,1.73,8.35,2.49,172.919403,1.0,0.5,0.5
21,Walking,118026631628000,6.36,9.62,2.45,172.999389,1.0,0.5,0.5
21,Walking,118026671515000,4.29,12.83,2.34,173.039276,1.0,0.5,0.5
21,Walking,118026711646000,2.6,12.3,-0.93,173.079407,1.0,0.5,0.5
21,Walking,118026751624000,0.0,11.18,-3.26,173.119385,1.0,0.5,0.5
21,Walking,118026831549000,-0.89,14.41,1.65,173.19931,1.0,0.5,0.5
21,Walking,118026871436000,3.91,7.63,0.34,173.239197,1.0,0.5,0.5
21,Walking,118009651526000,-1.61,12.37,1.33,156.019287,0.5,0.5,0.5
21,Walking,118009731573000,0.61,1.99,1.5,156.099334,0.5,0.5,0.5
21,Walking,118009771613000,-0.15,2.41,1.04,156.139374,0.5,0.5,0.5
21,Walking,118009811804000,-1.14,1.95,1.46,156.179565,0.5,0.5,0.5
21,Walking,118009851569000,-0.89,4.06,3.49,156.21933,0.5,0.5,0.5
21,Walking,118009931494000,0.46,16.66,9.89,156.299255,0.5,0.5,0.5
21,Walking,118009972937000,0.84,10.19,11.56,156.340698,0.5,0.5,0.5
21,Walking,118010012579000,0.72,16.09,1.46,156.38034,0.5,0.5,0.5
21,Walking,118010051581000,-3.38,5.86,1.95,156.419342,0.5,0.5,0.5
21,Walking,118010131476000,5.86,11.22,0.27,156.499237,0.5,0.5,0.5
21,Walking,118010171637000,-2.76,5.83,2.96,156.539398,0.5,0.5,0.5
21,Walking,118010211829000,-1.42,4.44,-1.69,156.57959,0.5,0.5,0.5
21,Walking,118010251501000,2.87,7.74,-0.42,156.619262,0.5,0.5,0.5
21,Walking,118010345343000,1.38,7.59,1.61,156.713104,0.5,0.5,0.5
21,Walking,118010345343000,1.38,7.59,1.61,156.713104,0.5,0.5,0.5
21,Walking,118010431647000,6.32,9.96,3.72,156.799408,0.5,0.5,0.5
21,Walking,118010471503000,5.6,13.44,2.22,156.839264,0.5,0.5,0.5
21,Walking,118010511633000,1.95,14.52,-1.46,156.879394,0.5,0.5,0.5
21,Walking,118010551550000,-1.5,12.79,-3.87,156.919311,0.5,0.5,0.5
21,Walking,118010881720000,0.38,8.73,6.32,157.249481,0.5,0.5,0.5
21,Walking,118010881720000,0.38,8.73,6.32,157.249481,0.5,0.5,0.5
21,Walking,118010881720000,0.38,8.73,6.32,157.249481,0.5,0.5,0.5
21,Walking,118010881720000,0.38,8.73,6.32,157.249481,0.5,0.5,0.5
21,Walking,118010881720000,0.38,8.73,6.32,157.249481,0.5,0.5,0.5
21,Walking,118010881720000,0.38,8.73,6.32,157.249481,0.5,0.5,0.5
21,Walking,118010921454000,1.61,15.47,10.08,157.289215,0.5,0.5,0.5
21,Walking,118010961584000,2.56,10.57,10.92,157.329345,0.5,0.5,0.5
21,Walking,118011001685000,-0.57,16.47,1.76,157.369446,0.5,0.5,0.5
21,Walking,118011082373000,0.91,7.06,0.76,157.450134,0.5,0.5,0.5
21,Walking,118011121344000,6.97,10.99,0.46,157.489105,0.5,0.5,0.5
21,Walking,118011161414000,-0.93,6.89,3.53,157.529175,0.5,0.5,0.5
21,Walking,118011201392000,-2.34,3.99,-0.8,157.569153,0.5,0.5,0.5
21,Walking,118011281439000,0.46,7.55,0.65,157.6492,0.5,0.5,0.5
21,Walking,118011321570000,0.19,8.08,1.18,157.689331,0.5,0.5,0.5
21,Walking,118011361456000,0.61,8.28,1.8,157.729217,0.5,0.5,0.5
21,Walking,118011401343000,3.02,8.2,2.14,157.769104,0.5,0.5,0.5
21,Walking,118011481451000,5.94,14.6,1.53,157.849212,0.5,0.5,0.5
21,Walking,118011521307000,0.69,14.9,-0.84,157.889068,0.5,0.5,0.5
21,Walking,118011561407000,-0.99,11.75,-2.98,157.929168,0.5,0.5,0.5
21,Walking,118011601355000,-2.22,14.41,-0.34,157.969116,0.5,0.5,0.5
21,Walking,118011681433000,2.98,9.15,0.34,158.049194,0.5,0.5,0.5
21,Walking,118011721411000,1.12,3.49,1.53,158.089172,0.5,0.5,0.5
21,Walking,118011761389000,-0.69,3.06,0.46,158.12915,0.5,0.5,0.5
21,Walking,118011801337000,-1.5,1.08,0.15,158.169098,0.5,0.5,0.5
21,Walking,118011881415000,0.27,8.28,5.94,158.249176,0.5,0.5,0.5
21,Walking,118011921362000,1.88,15.79,8.85,158.289123,0.5,0.5,0.5
21,Walking,118011961462000,1.18,10.61,11.11,158.329223,0.5,0.5,0.5
21,Walking,118012001593000,0.84,12.76,5.24,158.369354,0.5,0.5,0.5
21,Walking,118012081427000,-2.6,3.95,3.64,158.449188,0.5,0.5,0.5
21,Walking,118012121344000,6.36,10.84,-1.65,158.489105,0.5,0.5,0.5
21,Walking,118012161414000,0.19,9.11,2.98,158.529175,0.5,0.5,0.5
21,Walking,118012201483000,-2.91,3.83,0.11,158.569244,0.5,0.5,0.5
21,Walking,118012281439000,1.53,7.12,1.04,158.6492,0.5,0.5,0.5
21,Walking,118012321356000,0.72,7.59,0.99,158.689117,0.5,0.5,0.5
21,Walking,118012361456000,1.46,7.89,2.11,158.729217,0.5,0.5,0.5
21,Walking,118012401312000,2.87,8.5,3.6,158.769073,0.5,0.5,0.5
21,Walking,118012481360000,4.1,13.18,1.8,158.849121,0.5,0.5,0.5
21,Walking,118012521460000,0.89,15.13,-1.27,158.889221,0.5,0.5,0.5
21,Walking,118012561407000,-0.11,11.73,-3.06,158.929168,0.5,0.5,0.5
21,Walking,118012601538000,-1.88,14.98,-1.18,158.969299,0.5,0.5,0.5
21,Walking,117976681616000,2.14,8.01,1.08,123.049377,0.5,1.0,0.5
21,Walking,117976721472000,1.57,8.35,2.07,123.089233,0.5,1.0,0.5
21,Walking,117976761511000,2.3,7.31,1.99,123.129272,0.5,1.0,0.5
21,Walking,117976801550000,1.84,7.5,2.75,123.169311,0.5,1.0,0.5
21,Walking,117976884222000,5.82,10.38,1.73,123.251983,0.5,1.0,0.5
21,Walking,117976921515000,3.45,14.21,1.23,123.289276,0.5,1.0,0.5
21,Walking,117976961523000,1.73,13.57,-1.04,123.329284,0.5,1.0,0.5
21,Walking,117977001624000,-0.57,10.53,-2.03,123.369385,0.5,1.0,0.5
21,Walking,117977081488000,-1.54,13.87,1.73,123.449249,0.5,1.0,0.5
21,Walking,117977121832000,2.98,7.86,0.57,123.489593,0.5,1.0,0.5
21,Walking,117977165747000,-0.19,3.64,2.14,123.533508,0.5,1.0,0.5
21,Walking,117977201727000,-0.31,3.38,1.8,123.569488,0.5,1.0,0.5
21,Walking,117977281500000,-1.08,3.68,2.49,123.649261,0.5,1.0,0.5
21,Walking,117977321509000,0.23,7.27,4.75,123.68927,0.5,1.0,0.5
21,Walking,117977361609000,1.31,12.03,7.82,123.72937,0.5,1.0,0.5
21,Walking,117977401617000,0.08,13.33,9.66,123.769378,0.5,1.0,0.5
21,Walking,117977481604000,0.61,13.63,0.23,123.849365,0.5,1.0,0.5
21,Walking,117977481604000,0.61,13.63,2.07,123.849365,0.5,1.0,0.5
21,Walking,117977550726000,-0.31,9.47,2.07,123.918487,0.5,1.0,0.5
21,Walking,117977631934000,-1.76,4.79,2.14,123.999695,0.5,1.0,0.5
21,Walking,117977671515000,-0.38,6.13,0.11,124.039276,0.5,1.0,0.5
21,Walking,117977711615000,3.06,9.15,0.46,124.079376,0.5,1.0,0.5
21,Walking,117977751776000,0.65,6.93,1.33,124.119537,0.5,1.0,0.5
21,Walking,117977831549000,1.14,6.74,1.61,124.19931,0.5,1.0,0.5
21,Walking,117977871497000,2.64,9.34,2.45,124.239258,0.5,1.0,0.5
21,Walking,117977911627000,5.01,9.62,2.98,124.279388,0.5,1.0,0.5
21,Walking,117977951819000,4.79,11.5,2.37,124.31958,0.5,1.0,0.5
21,Walking,117978031622000,1.23,10.76,-2.68,124.399383,0.5,1.0,0.5
21,Walking,117978071509000,-1.65,12.45,-1.27,124.43927,0.5,1.0,0.5
21,Walking,117978111609000,-3.38,15.66,3.79,124.47937,0.5,1.0,0.5
21,Walking,117978156958000,2.72,10.61,0.72,124.524719,0.5,1.0,0.5
21,Walking,117978231512000,-0.84,2.79,1.69,124.599273,0.5,1.0,0.5
21,Walking,117978271613000,-0.38,4.1,1.27,124.639374,0.5,1.0,0.5
21,Walking,117978311530000,-1.46,3.34,1.12,124.679291,0.5,1.0,0.5
21,Walking,117978351721000,-1.5,5.18,3.3,124.719482,0.5,1.0,0.5
21,Walking,117978432196000,1.31,13.72,9.85,124.799957,0.5,1.0,0.5
21,Walking,117978471503000,2.18,12.3,10.34,124.839264,0.5,1.0,0.5
21,Walking,117978511633000,0.99,13.63,3.45,124.879394,0.5,1.0,0.5
21,Walking,117978551703000,-4.48,7.21,1.65,124.919464,0.5,1.0,0.5
21,Walking,117978632758000,5.09,11.26,-0.15,125.000519,0.5,1.0,0.5
21,Walking,117978671606000,-1.31,6.32,2.26,125.039367,0.5,1.0,0.5
21,Walking,117978711646000,-2.18,5.94,-0.27,125.079407,0.5,1.0,0.5
21,Walking,117978751654000,3.21,8.12,-0.84,125.119415,0.5,1.0,0.5
21,Walking,117978831610000,2.75,8.24,2.68,125.199371,0.5,1.0,0.5
21,Walking,117978871497000,2.98,7.01,2.75,125.239258,0.5,1.0,0.5
21,Walking,117978911505000,2.37,7.46,1.76,125.279266,0.5,1.0,0.5
21,Walking,117978951819000,3.17,10.73,2.75,125.31958,0.5,1.0,0.5
21,Walking,117979033240000,3.17,14.63,0.27,125.401001,0.5,1.0,0.5
21,Walking,117979074255000,1.04,10.57,-2.72,125.442016,0.5,1.0,0.5
21,Walking,117979111761000,-1.88,12.26,-1.8,125.479522,0.5,1.0,0.5
21,Walking,117979151862000,-2.87,16.36,2.41,125.519623,0.5,1.0,0.5
21,Walking,117979231482000,3.6,6.85,0.95,125.599243,0.5,1.0,0.5
21,Walking,117979271490000,-0.53,2.49,2.22,125.639251,0.5,1.0,0.5
21,Walking,117979311499000,-1.18,3.45,0.95,125.67926,0.5,1.0,0.5
21,Walking,117979351660000,-1.84,1.42,0.89,125.719421,0.5,1.0,0.5
21,Walking,117979431616000,1.76,10.88,7.55,125.799377,0.5,1.0,0.5
21,Walking,117979471655000,-0.34,12.68,8.27,125.839416,0.5,1.0,0.5
21,Walking,117979591315000,-3.6,11.26,-1.23,125.959076,0.5,1.0,0.5
21,Walking,117979591315000,-3.6,11.26,-1.23,125.959076,0.5,1.0,0.5
21,Walking,117979631628000,-1.69,7.31,3.57,125.999389,0.5,1.0,0.5
21,Walking,118061431525000,5.48,13.53,-0.72,207.799286,0.5,0.5,1.0
21,Walking,118061471533000,-0.65,6.32,2.96,207.839294,0.5,0.5,1.0
21,Walking,118061511633000,-0.31,5.18,0.38,207.879394,0.5,0.5,1.0
21,Walking,118061551703000,3.72,8.96,0.0,207.919464,0.5,0.5,1.0
21,Walking,118061631506000,1.04,8.73,1.99,207.999267,0.5,0.5,1.0
21,Walking,118061671637000,0.65,7.16,1.42,208.039398,0.5,0.5,1.0
21,Walking,118061711554000,1.33,7.86,2.18,208.079315,0.5,0.5,1.0
21,Walking,118061751532000,2.68,10.08,2.03,208.119293,0.5,0.5,1.0
21,Walking,118061831610000,4.29,13.18,1.76,208.199371,0.5,0.5,1.0
21,Walking,118061871527000,1.99,13.14,-0.46,208.239288,0.5,0.5,1.0
21,Walking,118061916998000,-0.8,11.84,-2.49,208.284759,0.5,0.5,1.0
21,Walking,118061965735000,-2.41,14.48,2.79,208.333496,0.5,0.5,1.0
21,Walking,118062004279000,1.12,12.41,1.5,208.37204,0.5,0.5,1.0
21,Walking,118062081610000,-0.72,4.29,1.69,208.449371,0.5,0.5,1.0
21,Walking,118062121527000,-0.76,3.68,0.91,208.489288,0.5,0.5,1.0
21,Walking,118062161627000,-1.57,3.21,0.95,208.529388,0.5,0.5,1.0
21,Walking,118062201544000,-1.54,4.75,2.96,208.569305,0.5,0.5,1.0
21,Walking,118062281622000,1.5,12.3,8.2,208.649383,0.5,0.5,1.0
21,Walking,118062321509000,2.41,11.56,10.15,208.68927,0.5,0.5,1.0
21,Walking,118062361639000,3.21,8.85,6.51,208.7294,0.5,0.5,1.0
21,Walking,118062401617000,-3.06,16.82,-1.18,208.769378,0.5,0.5,1.0
21,Walking,118062481512000,4.94,7.44,-1.92,208.849273,0.5,0.5,1.0
21,Walking,118062521674000,4.33,11.37,2.18,208.889435,0.5,0.5,1.0
21,Walking,118062561743000,-3.87,6.21,2.14,208.929504,0.5,0.5,1.0
21,Walking,118062601630000,0.95,6.89,-1.23,208.969391,0.5,0.5,1.0
21,Walking,118062681494000,0.99,7.4,1.38,209.049255,0.5,0.5,1.0
21,Walking,118062721594000,1.42,7.5,1.92,209.089355,0.5,0.5,1.0
21,Walking,118062761572000,1.95,7.93,2.53,209.129333,0.5,0.5,1.0
21,Walking,118062801520000,3.21,9.11,2.14,209.169281,0.5,0.5,1.0
21,Walking,118062881598000,3.11,14.18,0.69,209.249359,0.5,0.5,1.0
21,Walking,118062921729000,1.42,13.57,-1.31,209.28949,0.5,0.5,1.0
21,Walking,118062961493000,-0.19,11.18,-2.45,209.329254,0.5,0.5,1.0
21,Walking,118063001532000,-2.98,13.1,1.61,209.369293,0.5,0.5,1.0
21,Walking,118063081488000,4.33,8.69,1.38,209.449249,0.5,0.5,1.0
21,Walking,118063121466000,0.53,4.56,1.23,209.489227,0.5,0.5,1.0
21,Walking,118063161597000,-0.93,3.6,0.8,209.529358,0.5,0.5,1.0
21,Walking,118063201544000,-2.07,3.53,1.18,209.569305,0.5,0.5,1.0
21,Walking,118063281805000,0.27,7.08,4.79,209.649566,0.5,0.5,1.0
21,Walking,118063321509000,1.88,11.41,7.25,209.68927,0.5,0.5,1.0
21,Walking,118063361517000,0.57,13.21,9.08,209.729278,0.5,0.5,1.0
21,Walking,118063401587000,1.08,11.6,7.97,209.769348,0.5,0.5,1.0
21,Walking,118063481451000,-4.02,5.6,2.14,209.849212,0.5,0.5,1.0
21,Walking,118063521643000,3.06,8.24,0.69,209.889404,0.5,0.5,1.0
21,Walking,118063561621000,6.02,11.6,0.65,209.929382,0.5,0.5,1.0
21,Walking,118063601599000,-1.65,6.32,2.37,209.96936,0.5,0.5,1.0
21,Walking,118063681616000,2.49,8.54,0.3,210.049377,0.5,0.5,1.0
21,Walking,118063721594000,1.46,7.27,1.12,210.089355,0.5,0.5,1.0
21,Walking,118063761603000,1.88,8.16,1.8,210.129364,0.5,0.5,1.0
21,Walking,118063801611000,1.33,7.31,1.57,210.169372,0.5,0.5,1.0
21,Walking,118063881476000,3.87,9.96,2.45,210.249237,0.5,0.5,1.0
21,Walking,118063921545000,4.94,10.92,1.73,210.289306,0.5,0.5,1.0
21,Walking,118063971960000,2.03,14.44,0.0,210.339721,0.5,0.5,1.0
21,Walking,118064011572000,-0.19,10.8,-1.76,210.379333,0.5,0.5,1.0
21,Walking,118064051978000,-2.11,11.35,-0.93,210.419739,0.5,0.5,1.0
21,Walking,118064131567000,1.8,10.88,0.23,210.499328,0.5,0.5,1.0
21,Walking,118064171576000,0.91,6.89,1.8,210.539337,0.5,0.5,1.0
21,Walking,118064211554000,-1.46,4.02,2.34,210.579315,0.5,0.5,1.0
21,Walking,118064251501000,-0.08,4.67,1.5,210.619262,0.5,0.5,1.0
21,Walking,118064301520000,0.0,3.64,2.49,210.669281,0.5,0.5,1.0
21,Walking,118064381598000,1.04,10.69,7.55,210.749359,0.5,0.5,1.0
21,Jogging,118353651556000,-4.56,5.37,5.75,80.250061,1.0,0.5,1.0
21,Jogging,118353691504000,5.82,2.22,-1.46,80.290009,1.0,0.5,1.0
21,Jogging,118353771796000,1.46,1.54,-1.73,80.370301,1.0,0.5,1.0
21,Jogging,118353812170000,0.84,17.58,0.46,80.410675,1.0,0.5,1.0
21,Jogging,118353851721000,-5.56,18.39,-3.53,80.450226,1.0,0.5,1.0
21,Jogging,118353891486000,6.82,16.93,8.96,80.489991,1.0,0.5,1.0
21,Jogging,118353971411000,0.23,4.48,1.92,80.569916,1.0,0.5,1.0
21,Jogging,118354011816000,-0.42,-3.26,-0.08,80.610321,1.0,0.5,1.0
21,Jogging,118354051642000,-2.56,-8.92,-2.79,80.650147,1.0,0.5,1.0
21,Jogging,118354091437000,-7.46,-6.63,-2.03,80.689942,1.0,0.5,1.0
21,Jogging,118354173682000,10.19,20.04,-0.76,80.772187,1.0,0.5,1.0
21,Jogging,118354212531000,2.83,1.92,3.26,80.811036,1.0,0.5,1.0
21,Jogging,118354251501000,-1.8,9.47,-2.22,80.850006,1.0,0.5,1.0
21,Jogging,118354291480000,4.63,18.96,4.25,80.889985,1.0,0.5,1.0
21,Jogging,118354371497000,5.13,14.44,2.41,80.970002,1.0,0.5,1.0
21,Jogging,118354412177000,0.53,3.49,2.14,81.010682,1.0,0.5,1.0
21,Jogging,118354451636000,-3.17,2.96,4.79,81.050141,1.0,0.5,1.0
21,Jogging,118354491522000,4.71,-4.33,-2.26,81.090027,1.0,0.5,1.0
21,Jogging,118354572180000,1.27,0.46,-0.8,81.170685,1.0,0.5,1.0
21,Jogging,118354612280000,1.42,15.6,2.41,81.210785,1.0,0.5,1.0
21,Jogging,118354651526000,-3.3,19.57,-1.76,81.250031,1.0,0.5,1.0
21,Jogging,118354691351000,2.91,15.85,8.16,81.289856,1.0,0.5,1.0
21,Jogging,118354771582000,-1.73,5.43,1.5,81.370087,1.0,0.5,1.0
21,Jogging,118354812170000,0.46,-3.53,-1.38,81.410675,1.0,0.5,1.0
21,Jogging,118354851538000,0.04,-8.69,-2.15,81.450043,1.0,0.5,1.0
21,Jogging,118354891516000,-3.57,-5.75,-0.99,81.490021,1.0,0.5,1.0
21,Jogging,118354971533000,5.41,18.12,-2.64,81.570038,1.0,0.5,1.0
21,Jogging,118355011664000,3.57,4.63,4.1,81.610169,1.0,0.5,1.0
21,Jogging,118355051398000,-2.41,6.02,-4.21,81.649903,1.0,0.5,1.0
21,Jogging,118355091345000,5.52,19.11,6.21,81.68985,1.0,0.5,1.0
21,Jogging,118355131445000,1.23,10.76,0.65,81.72995,1.0,0.5,1.0
21,Jogging,118355198340000,0.76,7.74,1.14,81.796845,1.0,0.5,1.0
21,Jogging,118355251471000,-1.14,2.83,4.14,81.849976,1.0,0.5,1.0
21,Jogging,118355291510000,4.59,2.98,0.3,81.890015,1.0,0.5,1.0
21,Jogging,118355371497000,3.36,0.72,-2.6,81.970002,1.0,0.5,1.0
21,Jogging,118355414709000,4.52,16.51,2.3,82.013214,1.0,0.5,1.0
21,Jogging,118355452216000,-4.37,19.42,-2.49,82.050721,1.0,0.5,1.0
21,Jogging,118355491522000,2.11,15.7,6.66,82.090027,1.0,0.5,1.0
21,Jogging,118355572302000,0.34,3.76,2.34,82.170807,1.0,0.5,1.0
21,Jogging,118355611487000,0.69,-5.94,7.93,82.209992,1.0,0.5,1.0
21,Jogging,118355731329000,-1.04,11.11,7.93,82.329834,1.0,0.5,1.0
21,Jogging,118355731329000,-1.04,11.11,7.93,82.329834,1.0,0.5,1.0
21,Jogging,118355771521000,5.98,19.95,-4.33,82.370026,1.0,0.5,1.0
21,Jogging,118355811530000,3.45,5.09,5.18,82.410035,1.0,0.5,1.0
21,Jogging,118355851538000,-0.95,10.46,-2.34,82.450043,1.0,0.5,1.0
21,Jogging,118355891455000,7.16,19.15,7.08,82.48996,1.0,0.5,1.0
21,Jogging,118355971533000,2.91,11.96,2.53,82.570038,1.0,0.5,1.0
21,Jogging,118356011633000,-2.07,1.14,2.11,82.610138,1.0,0.5,1.0
21,Jogging,118356051459000,-0.46,4.82,3.95,82.649964,1.0,0.5,1.0
21,Jogging,118356091528000,6.21,0.57,-2.87,82.690033,1.0,0.5,1.0
21,Jogging,118356174872000,2.26,7.44,-1.08,82.773377,1.0,0.5,1.0
21,Jogging,118356211676000,-2.34,19.89,2.79,82.810181,1.0,0.5,1.0
21,Jogging,118356262335000,2.11,17.97,5.28,82.86084,1.0,0.5,1.0
21,Jogging,118356301520000,5.52,19.76,9.89,82.900025,1.0,0.5,1.0
21,Jogging,118356341528000,1.84,9.66,4.21,82.940033,1.0,0.5,1.0
21,Jogging,118356421515000,0.38,-9.0,-1.69,83.02002,1.0,0.5,1.0
21,Jogging,118356461523000,-4.33,-7.12,-2.79,83.060028,1.0,0.5,1.0
21,Jogging,118356501501000,-3.45,1.99,-0.69,83.100006,1.0,0.5,1.0
21,Jogging,118356542487000,5.94,18.58,5.37,83.140992,1.0,0.5,1.0
21,Jogging,118356621497000,3.34,7.35,-1.31,83.220002,1.0,0.5,1.0
21,Jogging,118446663336000,-0.84,19.11,4.75,173.261841,0.5,1.0,1.0
21,Jogging,118446701514000,2.91,19.61,11.22,173.300019,0.5,1.0,1.0
21,Jogging,118446742285000,3.45,13.1,6.85,173.34079,0.5,1.0,1.0
21,Jogging,118446821509000,-0.23,-5.2,-1.54,173.420014,0.5,1.0,1.0
21,Jogging,118446861945000,-3.91,-5.67,-4.14,173.46045,0.5,1.0,1.0
21,Jogging,118446901495000,-6.66,-2.98,-1.65,173.5,0.5,1.0,1.0
21,Jogging,118446942267000,8.47,13.95,8.69,173.540772,0.5,1.0,1.0
21,Jogging,118447021521000,3.79,7.12,3.41,173.620026,0.5,1.0,1.0
21,Jogging,118447061835000,5.13,14.82,1.95,173.66034,0.5,1.0,1.0
21,Jogging,118447101477000,5.13,16.21,5.24,173.699982,0.5,1.0,1.0
21,Jogging,118447141669000,6.4,13.95,0.65,173.740174,0.5,1.0,1.0
21,Jogging,118447221472000,-4.48,2.72,2.11,173.819977,0.5,1.0,1.0
21,Jogging,118447262244000,-0.8,4.75,1.5,173.860749,0.5,1.0,1.0
21,Jogging,118447301825000,5.56,-1.61,-4.99,173.90033,0.5,1.0,1.0
21,Jogging,118447341559000,-0.72,-2.53,0.15,173.940064,0.5,1.0,1.0
21,Jogging,118447421637000,2.03,19.99,1.14,174.020142,0.5,1.0,1.0
21,Jogging,118447462408000,1.08,17.08,3.6,174.060913,0.5,1.0,1.0
21,Jogging,118447502203000,5.33,19.89,10.0,174.100708,0.5,1.0,1.0
21,Jogging,118447541571000,4.02,12.45,4.06,174.140076,0.5,1.0,1.0
21,Jogging,118447621527000,0.3,-4.63,-2.37,174.220032,0.5,1.0,1.0
21,Jogging,118447662268000,-3.38,-5.71,-3.26,174.260773,0.5,1.0,1.0
21,Jogging,118447702002000,-3.68,-2.34,-3.15,174.300507,0.5,1.0,1.0
21,Jogging,118447741583000,6.17,11.99,8.96,174.340088,0.5,1.0,1.0
21,Jogging,118447821539000,7.59,8.16,-0.31,174.420044,0.5,1.0,1.0
21,Jogging,118447861548000,1.12,15.28,2.75,174.460053,0.5,1.0,1.0
21,Jogging,118447901648000,2.68,18.24,2.72,174.500153,0.5,1.0,1.0
21,Jogging,118447941626000,0.91,3.06,-0.38,174.540131,0.5,1.0,1.0
21,Jogging,118448021674000,-3.38,4.29,3.87,174.620179,0.5,1.0,1.0
21,Jogging,118448061530000,4.67,4.29,-1.08,174.660035,0.5,1.0,1.0
21,Jogging,118448114935000,0.46,-3.49,0.19,174.71344,0.5,1.0,1.0
21,Jogging,118448152228000,2.26,1.12,-0.19,174.750733,0.5,1.0,1.0
21,Jogging,118448191351000,2.68,16.82,0.5,174.789856,0.5,1.0,1.0
21,Jogging,118448271643000,4.44,18.96,10.69,174.870148,0.5,1.0,1.0
21,Jogging,118448311621000,5.01,17.01,6.55,174.910126,0.5,1.0,1.0
21,Jogging,118448351569000,-0.93,3.87,2.37,174.950074,0.5,1.0,1.0
21,Jogging,118448391486000,2.26,-7.86,-1.5,174.989991,0.5,1.0,1.0
21,Jogging,118448471503000,-9.72,-0.46,-0.5,175.070008,0.5,1.0,1.0
21,Jogging,118448511450000,0.19,10.5,6.47,175.109955,0.5,1.0,1.0
21,Jogging,118448551459000,5.05,7.86,-6.97,175.149964,0.5,1.0,1.0
21,Jogging,118448591528000,7.21,14.21,7.59,175.190033,0.5,1.0,1.0
21,Jogging,118448671484000,8.05,18.16,7.25,175.269989,0.5,1.0,1.0
21,Jogging,118448711432000,3.68,12.34,1.95,175.309937,0.5,1.0,1.0
21,Jogging,118448751563000,4.75,9.43,0.95,175.350068,0.5,1.0,1.0
21,Jogging,118448951361000,1.04,4.06,0.0,175.549866,0.5,1.0,1.0
21,Jogging,118448951361000,1.04,4.06,0.0,175.549866,0.5,1.0,1.0
21,Jogging,118448951361000,1.04,4.06,0.0,175.549866,0.5,1.0,1.0
21,Jogging,118448951361000,1.04,4.06,0.0,175.549866,0.5,1.0,1.0
21,Jogging,118448991675000,3.64,19.08,1.14,175.59018,0.5,1.0,1.0
21,Jogging,118449071600000,4.33,19.89,9.89,175.670105,0.5,1.0,1.0
21,Jogging,118449112128000,4.94,13.87,6.32,175.710633,0.5,1.0,1.0
21,Jogging,118449151404000,1.5,-0.69,0.53,175.749909,0.5,1.0,1.0
21,Jogging,118449191657000,1.08,-9.15,-2.3,175.790162,0.5,1.0,1.0
21,Jogging,118449271460000,-6.85,-2.79,-0.8,175.869965,0.5,1.0,1.0
21,Jogging,118449311499000,4.14,13.59,7.27,175.910004,0.5,1.0,1.0
21,Jogging,118449351416000,-2.03,16.7,-2.11,175.949921,0.5,1.0,1.0
21,Jogging,118449391638000,9.19,8.62,3.11,175.990143,0.5,1.0,1.0
21,Jogging,118449471716000,8.47,17.35,5.94,176.070221,0.5,1.0,1.0
21,Jogging,118449516852000,2.49,8.08,2.41,176.115357,0.5,1.0,1.0
21,Jogging,118449554205000,0.57,5.56,-0.42,176.15271,0.5,1.0,1.0
21,Jogging,118449632025000,3.26,4.4,1.53,176.23053,0.5,1.0,1.0
21,Jogging,118449632025000,3.26,4.4,1.53,176.23053,0.5,1.0,1.0
21,Jogging,118356662238000,2.03,17.77,3.15,83.260743,0.5,0.5,1.0
21,Jogging,118356702307000,-0.89,17.73,4.71,83.300812,0.5,0.5,1.0
21,Jogging,118356741583000,5.79,13.1,2.07,83.340088,0.5,0.5,1.0
21,Jogging,118356821509000,-2.87,1.84,3.76,83.420014,0.5,0.5,1.0
21,Jogging,118356861639000,3.11,7.86,1.5,83.460144,0.5,0.5,1.0
21,Jogging,118356901526000,6.09,-3.6,-2.56,83.500031,0.5,0.5,1.0
21,Jogging,118356941687000,0.61,-3.26,0.53,83.540192,0.5,0.5,1.0
21,Jogging,118357021857000,0.53,20.04,-3.83,83.620362,0.5,0.5,1.0
21,Jogging,118357062140000,-0.5,17.31,5.28,83.660645,0.5,0.5,1.0
21,Jogging,118357101660000,3.3,19.65,8.16,83.700165,0.5,0.5,1.0
21,Jogging,118357141577000,1.08,10.23,5.37,83.740082,0.5,0.5,1.0
21,Jogging,118357221503000,1.8,-8.66,-1.88,83.820008,0.5,0.5,1.0
21,Jogging,118357261542000,-1.92,-7.59,-2.98,83.860047,0.5,0.5,1.0
21,Jogging,118357301642000,-6.51,2.07,2.68,83.900147,0.5,0.5,1.0
21,Jogging,118357341528000,4.1,16.63,3.83,83.940033,0.5,0.5,1.0
21,Jogging,118357421545000,-0.04,6.59,0.99,84.02005,0.5,0.5,1.0
21,Jogging,118357461523000,6.59,18.12,4.4,84.060028,0.5,0.5,1.0
21,Jogging,118357501563000,1.84,13.95,4.37,84.100068,0.5,0.5,1.0
21,Jogging,118357544012000,5.86,15.98,1.31,84.142517,0.5,0.5,1.0
21,Jogging,118357622687000,-2.83,2.11,3.87,84.221192,0.5,0.5,1.0
21,Jogging,118357671576000,4.29,5.43,0.0,84.270081,0.5,0.5,1.0
21,Jogging,118357712195000,2.49,-5.18,-0.95,84.3107,0.5,0.5,1.0
21,Jogging,118357756171000,2.79,0.5,-0.89,84.354676,0.5,0.5,1.0
21,Jogging,118357801703000,2.34,18.12,0.15,84.400208,0.5,0.5,1.0
21,Jogging,118357841559000,-4.63,18.7,-0.46,84.440064,0.5,0.5,1.0
21,Jogging,118357921667000,5.67,16.63,6.43,84.520172,0.5,0.5,1.0
21,Jogging,118357961554000,0.15,0.46,0.8,84.560059,0.5,0.5,1.0
21,Jogging,118358002020000,0.89,-8.47,-1.99,84.600525,0.5,0.5,1.0
21,Jogging,118358045172000,-4.1,-6.74,-2.3,84.643677,0.5,0.5,1.0
21,Jogging,118358121558000,3.6,14.21,7.7,84.720063,0.5,0.5,1.0
21,Jogging,118358161536000,5.52,16.21,-2.79,84.760041,0.5,0.5,1.0
21,Jogging,118358201575000,2.56,5.28,6.24,84.80008,0.5,0.5,1.0
21,Jogging,118358241614000,0.3,12.18,-0.04,84.840119,0.5,0.5,1.0
21,Jogging,118358324713000,3.36,13.21,-0.84,84.923218,0.5,0.5,1.0
21,Jogging,118358362097000,2.96,9.66,0.42,84.960602,0.5,0.5,1.0
21,Jogging,118358401526000,-2.6,1.69,3.36,85.000031,0.5,0.5,1.0
21,Jogging,118358441657000,2.22,6.74,3.76,85.040162,0.5,0.5,1.0
21,Jogging,118358491461000,4.63,-4.59,-1.8,85.089966,0.5,0.5,1.0
21,Jogging,118358572302000,1.33,15.64,3.26,85.170807,0.5,0.5,1.0
21,Jogging,118358612280000,-5.18,19.93,-1.46,85.210785,0.5,0.5,1.0
21,Jogging,118358651526000,3.36,17.62,5.05,85.250031,0.5,0.5,1.0
21,Jogging,118358693610000,4.52,19.53,10.19,85.292115,0.5,0.5,1.0
21,Jogging,118358771796000,1.14,-1.5,-1.38,85.370301,0.5,0.5,1.0
21,Jogging,118358812170000,-0.23,-9.62,-3.26,85.410675,0.5,0.5,1.0
21,Jogging,118358851538000,-6.7,-4.86,-3.72,85.450043,0.5,0.5,1.0
21,Jogging,118358891638000,-7.44,6.63,3.72,85.490143,0.5,0.5,1.0
21,Jogging,118358971533000,7.5,18.05,9.43,85.570038,0.5,0.5,1.0
21,Jogging,118359011633000,0.8,1.99,-3.57,85.610138,0.5,0.5,1.0
21,Jogging,118359051642000,4.33,18.39,6.09,85.650147,0.5,0.5,1.0
21,Jogging,118359091620000,2.96,13.76,0.84,85.690125,0.5,0.5,1.0
21,Jogging,118359171637000,-0.27,3.06,0.3,85.770142,0.5,0.5,1.0
21,Jogging,118359211615000,-4.33,6.4,5.52,85.81012,0.5,0.5,1.0
21,Jogging,118359269232000,6.7,-2.91,-3.45,85.867737,0.5,0.5,1.0
21,Jogging,118359311438000,0.65,-3.36,-0.69,85.909943,0.5,0.5,1.0
21,Jogging,118359351599000,2.07,6.32,-1.61,85.950104,0.5,0.5,1.0
21,Jogging,118359391516000,-0.11,19.7,0.11,85.990021,0.5,0.5,1.0
21,Jogging,118359471503000,3.02,19.61,9.62,86.070008,0.5,0.5,1.0
21,Jogging,118359512274000,3.83,12.45,5.48,86.110779,0.5,0.5,1.0
21,Jogging,118359551886000,1.14,-1.65,-0.19,86.150391,0.5,0.5,1.0
21,Jogging,118359591498000,0.95,-8.05,-1.42,86.190003,0.5,0.5,1.0
21,Jogging,118400971747000,3.68,18.85,9.7,127.570252,0.5,1.0,0.5
21,Jogging,118401011877000,1.88,12.45,5.94,127.610382,0.5,1.0,0.5
21,Jogging,118401051459000,-1.88,3.26,1.33,127.649964,0.5,1.0,0.5
21,Jogging,118401091498000,-1.76,-6.74,-0.89,127.690003,0.5,1.0,0.5
21,Jogging,118401172522000,-5.28,-1.04,-0.34,127.771027,0.5,1.0,0.5
21,Jogging,118401211615000,3.87,13.33,4.18,127.81012,0.5,1.0,0.5
21,Jogging,118401251501000,4.48,16.25,2.07,127.850006,0.5,1.0,0.5
21,Jogging,118401291480000,3.17,5.24,0.53,127.889985,0.5,1.0,0.5
21,Jogging,118401371558000,4.48,17.58,5.28,127.970063,0.5,1.0,0.5
21,Jogging,118401413123000,5.82,11.03,2.11,128.011628,0.5,1.0,0.5
21,Jogging,118401454474000,2.53,4.06,0.91,128.052979,0.5,1.0,0.5
21,Jogging,118401491827000,-4.79,3.95,4.63,128.090332,0.5,1.0,0.5
21,Jogging,118401571509000,1.23,-5.28,-1.76,128.170014,0.5,1.0,0.5
21,Jogging,118401612067000,-0.46,2.26,-0.04,128.210572,0.5,1.0,0.5
21,Jogging,118401651495000,2.11,15.28,1.42,128.25,0.5,1.0,0.5
21,Jogging,118401691443000,1.23,19.95,0.57,128.289948,0.5,1.0,0.5
21,Jogging,118401771521000,5.75,17.58,7.27,128.370026,0.5,1.0,0.5
21,Jogging,118401812109000,0.91,3.91,3.57,128.410614,0.5,1.0,0.5
21,Jogging,118401851508000,0.34,-2.34,0.8,128.450013,0.5,1.0,0.5
21,Jogging,118401891516000,0.8,-7.08,-1.65,128.490021,0.5,1.0,0.5
21,Jogging,118401971564000,-4.21,6.17,-0.42,128.570069,0.5,1.0,0.5
21,Jogging,118402011603000,2.22,18.09,5.33,128.610108,0.5,1.0,0.5
21,Jogging,118402051550000,5.6,-3.83,-0.76,128.650055,0.5,1.0,0.5
21,Jogging,118402091498000,1.18,16.28,1.18,128.690003,0.5,1.0,0.5
21,Jogging,118402173926000,5.05,11.41,-0.46,128.772431,0.5,1.0,0.5
21,Jogging,118402211584000,3.83,11.88,1.8,128.810089,0.5,1.0,0.5
21,Jogging,118402251532000,-3.64,1.95,0.61,128.850037,0.5,1.0,0.5
21,Jogging,118402291480000,-2.45,5.86,4.59,128.889985,0.5,1.0,0.5
21,Jogging,118402371436000,1.99,-5.28,-0.08,128.969941,0.5,1.0,0.5
21,Jogging,118402411505000,3.02,8.28,-0.61,129.01001,0.5,1.0,0.5
21,Jogging,118402451575000,-0.15,19.99,1.23,129.05008,0.5,1.0,0.5
21,Jogging,118402491644000,-1.31,16.82,1.95,129.090149,0.5,1.0,0.5
21,Jogging,118402571539000,2.6,13.25,6.21,129.170044,0.5,1.0,0.5
21,Jogging,118402612280000,-0.61,0.27,-0.42,129.210785,0.5,1.0,0.5
21,Jogging,118402652167000,-0.15,-9.38,-2.22,129.250672,0.5,1.0,0.5
21,Jogging,118402694098000,-4.48,-8.92,-2.87,129.292603,0.5,1.0,0.5
21,Jogging,118402771674000,7.82,16.86,8.92,129.370179,0.5,1.0,0.5
21,Jogging,118402812170000,-0.04,13.76,-4.02,129.410675,0.5,1.0,0.5
21,Jogging,118402851538000,-0.5,3.3,0.53,129.450043,0.5,1.0,0.5
21,Jogging,118402891516000,6.02,16.51,1.46,129.490021,0.5,1.0,0.5
21,Jogging,118402971533000,5.75,13.1,1.76,129.570038,0.5,1.0,0.5
21,Jogging,118403011481000,4.14,5.6,1.61,129.609986,0.5,1.0,0.5
21,Jogging,118403051520000,-3.26,3.95,3.79,129.650025,0.5,1.0,0.5
21,Jogging,118403091620000,3.72,5.24,-0.19,129.690125,0.5,1.0,0.5
21,Jogging,118403188147000,-0.27,3.21,0.8,129.786652,0.5,1.0,0.5
21,Jogging,118403188147000,-0.27,3.21,0.8,129.786652,0.5,1.0,0.5
21,Jogging,118403271643000,0.38,18.5,2.87,129.870148,0.5,1.0,0.5
21,Jogging,118403312079000,4.33,19.31,11.45,129.910584,0.5,1.0,0.5
21,Jogging,118403351447000,5.79,13.38,4.94,129.949952,0.5,1.0,0.5
21,Jogging,118403391608000,0.04,0.19,1.14,129.990113,0.5,1.0,0.5
21,Jogging,118403441595000,-2.6,-9.08,-1.65,130.0401,0.5,1.0,0.5
21,Jogging,118403521613000,-2.98,2.22,0.46,130.120118,0.5,1.0,0.5
21,Jogging,118403561591000,9.7,14.94,4.4,130.160096,0.5,1.0,0.5
21,Jogging,118403601538000,-0.76,14.48,0.69,130.200043,0.5,1.0,0.5
21,Jogging,118403641608000,1.61,10.76,0.69,130.240113,0.5,1.0,0.5
21,Jogging,118403721625000,4.52,12.83,0.46,130.32013,0.5,1.0,0.5
21,Jogging,118403761603000,3.36,12.6,-1.5,130.360108,0.5,1.0,0.5
21,Jogging,118403801520000,0.84,9.38,0.69,130.400025,0.5,1.0,0.5
21,Jogging,118403841559000,-2.6,5.43,6.47,130.440064,0.5,1.0,0.5
21,Sitting,118660481757000,2.11,2.53,8.96,47.280213,0.0,0.0,0.0
21,Sitting,118660562170000,2.11,2.49,8.92,47.360626,0.0,0.0,0.0
21,Sitting,118660601477000,2.14,2.49,8.96,47.399933,0.0,0.0,0.0
21,Sitting,118660641516000,2.14,2.45,8.92,47.439972,0.0,0.0,0.0
21,Sitting,118660681677000,2.14,2.49,8.96,47.480133,0.0,0.0,0.0
21,Sitting,118660761603000,2.14,2.53,8.92,47.560059,0.0,0.0,0.0
21,Sitting,118660801489000,2.18,2.53,8.96,47.599945,0.0,0.0,0.0
21,Sitting,118660841498000,2.11,2.53,8.92,47.639954,0.0,0.0,0.0
21,Sitting,118660881659000,2.11,2.53,8.96,47.680115,0.0,0.0,0.0
21,Sitting,118660921545000,2.11,2.56,8.96,47.720001,0.0,0.0,0.0
21,Sitting,118661001532000,2.11,2.56,8.96,47.799988,0.0,0.0,0.0
21,Sitting,118661001532000,2.11,2.56,8.96,47.799988,0.0,0.0,0.0
21,Sitting,118661081641000,2.11,2.56,8.92,47.880097,0.0,0.0,0.0
21,Sitting,118661161505000,2.07,2.56,8.92,47.959961,0.0,0.0,0.0
21,Sitting,118661201483000,2.07,2.56,8.96,47.999939,0.0,0.0,0.0
21,Sitting,118661241522000,2.11,2.56,8.96,48.039978,0.0,0.0,0.0
21,Sitting,118661281622000,2.11,2.6,8.96,48.080078,0.0,0.0,0.0
21,Sitting,118661361578000,2.11,2.6,8.96,48.160034,0.0,0.0,0.0
21,Sitting,118661401465000,2.14,2.56,9.0,48.199921,0.0,0.0,0.0
21,Sitting,118661441504000,2.07,2.56,8.92,48.23996,0.0,0.0,0.0
21,Sitting,118661481635000,2.07,2.53,8.96,48.280091,0.0,0.0,0.0
21,Sitting,118661561499000,2.14,2.6,8.96,48.359955,0.0,0.0,0.0
21,Sitting,118661601508000,2.14,2.64,8.88,48.399964,0.0,0.0,0.0
21,Sitting,118661641516000,2.11,2.64,8.85,48.439972,0.0,0.0,0.0
21,Sitting,118661681677000,2.07,2.76,8.92,48.480133,0.0,0.0,0.0
21,Sitting,118661761572000,2.3,2.64,8.92,48.560028,0.0,0.0,0.0
21,Sitting,118661801520000,2.14,2.79,8.85,48.599976,0.0,0.0,0.0
21,Sitting,118661841528000,2.14,2.72,8.88,48.639984,0.0,0.0,0.0
21,Sitting,118661881659000,2.14,2.79,8.85,48.680115,0.0,0.0,0.0
21,Sitting,118661921576000,2.22,2.83,8.88,48.720032,0.0,0.0,0.0
21,Sitting,118662002386000,2.07,2.72,8.81,48.800842,0.0,0.0,0.0
21,Sitting,118662041510000,2.14,2.68,8.85,48.839966,0.0,0.0,0.0
21,Sitting,118662081671000,2.07,2.68,8.88,48.880127,0.0,0.0,0.0
21,Sitting,118662161475000,2.07,2.49,8.88,48.959931,0.0,0.0,0.0
21,Sitting,118662201514000,2.26,2.6,9.04,48.99997,0.0,0.0,0.0
21,Sitting,118662245978000,2.34,2.6,8.81,49.044434,0.0,0.0,0.0
21,Sitting,118662281653000,2.14,2.56,8.81,49.080109,0.0,0.0,0.0
21,Sitting,118662361517000,2.14,2.79,8.88,49.159973,0.0,0.0,0.0
21,Sitting,118662401495000,2.22,2.79,8.81,49.199951,0.0,0.0,0.0
21,Sitting,118662441473000,2.22,2.68,8.81,49.239929,0.0,0.0,0.0
21,Sitting,118662481573000,2.03,2.6,8.96,49.280029,0.0,0.0,0.0
21,Sitting,118662522803000,2.03,2.6,8.88,49.321259,0.0,0.0,0.0
21,Sitting,118662612128000,2.26,2.64,8.85,49.410584,0.0,0.0,0.0
21,Sitting,118662651495000,2.18,2.6,8.92,49.449951,0.0,0.0,0.0
21,Sitting,118662691443000,2.18,2.64,8.92,49.489899,0.0,0.0,0.0
21,Sitting,118662731512000,2.34,2.76,8.88,49.529968,0.0,0.0,0.0
21,Sitting,118662811469000,2.22,2.53,8.88,49.609925,0.0,0.0,0.0
21,Sitting,118662851508000,2.03,2.45,8.88,49.649964,0.0,0.0,0.0
21,Sitting,118662891699000,2.14,2.64,9.04,49.690155,0.0,0.0,0.0
21,Sitting,118662931525000,2.3,2.76,8.88,49.729981,0.0,0.0,0.0
21,Sitting,118663011481000,2.37,2.49,8.88,49.809937,0.0,0.0,0.0
21,Sitting,118663051550000,2.22,2.41,8.92,49.850006,0.0,0.0,0.0
21,Sitting,118663091437000,2.07,2.41,8.85,49.889893,0.0,0.0,0.0
21,Sitting,118663131476000,2.07,2.53,9.0,49.929932,0.0,0.0,0.0
21,Sitting,118663211493000,2.3,2.49,8.92,50.009949,0.0,0.0,0.0
21,Sitting,118663252295000,2.3,2.45,8.92,50.050751,0.0,0.0,0.0
21,Sitting,118663291418000,2.18,2.41,8.92,50.089874,0.0,0.0,0.0
21,Sitting,118663331915000,2.11,2.41,8.96,50.130371,0.0,0.0,0.0
21,Sitting,118663411444000,2.14,2.45,8.92,50.2099,0.0,0.0,0.0
21,Sitting,118663451514000,2.22,2.45,8.92,50.24997,0.0,0.0,0.0
21,Sitting,118683711462000,2.56,2.37,8.92,70.509918,0.0,0.0,0.0
21,Sitting,118683751471000,2.45,2.26,8.92,70.549927,0.0,0.0,0.0
21,Sitting,118683791480000,2.45,2.3,9.0,70.589936,0.0,0.0,0.0
21,Sitting,118683831488000,2.41,2.3,8.96,70.629944,0.0,0.0,0.0
21,Sitting,118683911475000,2.26,2.45,8.96,70.709931,0.0,0.0,0.0
21,Sitting,118683951483000,2.26,2.56,8.92,70.749939,0.0,0.0,0.0
21,Sitting,118683991492000,2.07,2.64,9.0,70.789948,0.0,0.0,0.0
21,Sitting,118684031592000,1.92,2.68,8.96,70.830048,0.0,0.0,0.0
21,Sitting,118684111426000,1.95,2.6,8.92,70.909882,0.0,0.0,0.0
21,Sitting,118684151495000,1.99,2.79,8.88,70.949951,0.0,0.0,0.0
21,Sitting,118684191473000,1.95,2.98,8.77,70.989929,0.0,0.0,0.0
21,Sitting,118684231512000,1.99,3.06,8.81,71.029968,0.0,0.0,0.0
21,Sitting,118684311530000,1.92,3.11,8.77,71.109986,0.0,0.0,0.0
21,Sitting,118684351477000,1.65,2.96,8.77,71.149933,0.0,0.0,0.0
21,Sitting,118684391486000,1.5,3.02,8.85,71.189942,0.0,0.0,0.0
21,Sitting,118684431525000,1.65,3.15,8.77,71.229981,0.0,0.0,0.0
21,Sitting,118684511481000,1.88,2.91,8.88,71.309937,0.0,0.0,0.0
21,Sitting,118684551489000,2.03,2.91,8.88,71.349945,0.0,0.0,0.0
21,Sitting,118684591437000,1.99,2.98,8.77,71.389893,0.0,0.0,0.0
21,Sitting,118684631506000,1.95,2.98,8.85,71.429962,0.0,0.0,0.0
21,Sitting,118684711493000,1.92,2.98,8.85,71.509949,0.0,0.0,0.0
21,Sitting,118684751501000,1.84,2.91,8.88,71.549957,0.0,0.0,0.0
21,Sitting,118684791480000,1.73,2.83,8.92,71.589936,0.0,0.0,0.0
21,Sitting,118684831519000,1.57,2.87,8.96,71.629975,0.0,0.0,0.0
21,Sitting,118684911444000,1.69,3.21,8.73,71.7099,0.0,0.0,0.0
21,Sitting,118684951483000,1.46,3.34,8.73,71.749939,0.0,0.0,0.0
21,Sitting,118684991675000,1.5,3.34,8.81,71.790131,0.0,0.0,0.0
21,Sitting,118685031470000,1.57,3.34,8.77,71.829926,0.0,0.0,0.0
21,Sitting,118685081702000,1.57,3.34,8.73,71.880158,0.0,0.0,0.0
21,Sitting,118685161475000,1.61,3.21,8.69,71.959931,0.0,0.0,0.0
21,Sitting,118685201514000,1.65,3.21,8.85,71.99997,0.0,0.0,0.0
21,Sitting,118685241522000,1.5,3.3,8.88,72.039978,0.0,0.0,0.0
21,Sitting,118685281622000,1.53,3.3,8.85,72.080078,0.0,0.0,0.0
21,Sitting,118685361517000,1.69,3.11,8.73,72.159973,0.0,0.0,0.0
21,Sitting,118685401465000,1.61,3.15,8.85,72.199921,0.0,0.0,0.0
21,Sitting,118685441473000,1.69,3.26,8.88,72.239929,0.0,0.0,0.0
21,Sitting,118685481604000,1.76,3.21,8.77,72.28006,0.0,0.0,0.0
21,Sitting,118685561591000,1.65,3.21,8.77,72.360047,0.0,0.0,0.0
21,Sitting,118685601477000,1.57,3.26,8.77,72.399933,0.0,0.0,0.0
21,Sitting,118685641516000,1.65,3.21,8.81,72.439972,0.0,0.0,0.0
21,Sitting,118685681525000,1.73,3.21,8.77,72.479981,0.0,0.0,0.0
21,Sitting,118685761481000,1.61,3.38,8.77,72.559937,0.0,0.0,0.0
21,Sitting,118685801489000,1.53,3.3,8.73,72.599945,0.0,0.0,0.0
21,Sitting,118685841528000,1.57,3.26,8.77,72.639984,0.0,0.0,0.0
21,Sitting,118685881598000,1.61,3.26,8.81,72.680054,0.0,0.0,0.0
21,Sitting,118685962653000,1.61,3.26,8.81,72.761109,0.0,0.0,0.0
21,Sitting,118685962653000,1.61,3.26,8.81,72.761109,0.0,0.0,0.0
21,Sitting,118685962653000,1.61,3.26,8.81,72.761109,0.0,0.0,0.0
21,Sitting,118686081549000,1.61,3.26,8.77,72.880005,0.0,0.0,0.0
21,Sitting,118686161505000,1.53,3.26,8.81,72.959961,0.0,0.0,0.0
21,Sitting,118686201483000,1.53,3.21,8.81,72.999939,0.0,0.0,0.0
21,Sitting,118686241522000,1.57,3.3,8.85,73.039978,0.0,0.0,0.0
21,Sitting,118686281622000,1.57,3.3,8.81,73.080078,0.0,0.0,0.0
21,Sitting,118686362189000,1.61,3.26,8.81,73.160645,0.0,0.0,0.0
21,Sitting,118686406531000,1.57,3.26,8.85,73.204987,0.0,0.0,0.0
21,Sitting,118686443671000,1.53,3.21,8.81,73.242127,0.0,0.0,0.0
21,Sitting,118686481787000,1.5,3.21,8.81,73.280243,0.0,0.0,0.0
21,Sitting,118686561469000,1.57,3.26,8.77,73.359925,0.0,0.0,0.0
21,Sitting,118686601447000,1.53,3.26,8.77,73.399903,0.0,0.0,0.0
21,Sitting,118686641486000,1.53,3.26,8.81,73.439942,0.0,0.0,0.0
21,Sitting,118686641486000,1.53,3.26,8.81,73.439942,0.0,0.0,0.0
21,Sitting,118652241583000,2.22,2.45,8.88,39.040039,0.0,0.0,0.0
21,Sitting,118652281928000,2.26,2.45,8.92,39.080384,0.0,0.0,0.0
21,Sitting,118652333838000,2.22,2.53,8.96,39.132294,0.0,0.0,0.0
21,Sitting,118652411475000,2.18,2.49,8.92,39.209931,0.0,0.0,0.0
21,Sitting,118652451636000,2.22,2.49,8.92,39.250092,0.0,0.0,0.0
21,Sitting,118652494482000,2.22,2.45,8.92,39.292938,0.0,0.0,0.0
21,Sitting,118652531561000,2.22,2.49,8.92,39.330017,0.0,0.0,0.0
21,Sitting,118652611578000,2.22,2.53,8.96,39.410034,0.0,0.0,0.0
21,Sitting,118652651495000,2.22,2.49,9.0,39.449951,0.0,0.0,0.0
21,Sitting,118652691504000,2.26,2.45,8.96,39.48996,0.0,0.0,0.0
21,Sitting,118652731512000,2.22,2.53,8.96,39.529968,0.0,0.0,0.0
21,Sitting,118652811499000,2.22,2.53,8.96,39.609955,0.0,0.0,0.0
21,Sitting,118652851477000,2.22,2.53,9.0,39.649933,0.0,0.0,0.0
21,Sitting,118652891516000,2.3,2.53,8.96,39.689972,0.0,0.0,0.0
21,Sitting,118652931555000,2.22,2.49,8.96,39.730011,0.0,0.0,0.0
21,Sitting,118653011511000,2.22,2.53,8.96,39.809967,0.0,0.0,0.0
21,Sitting,118653051550000,2.18,2.45,8.96,39.850006,0.0,0.0,0.0
21,Sitting,118653092200000,2.22,2.49,8.92,39.890656,0.0,0.0,0.0
21,Sitting,118653131476000,2.3,2.49,9.0,39.929932,0.0,0.0,0.0
21,Sitting,118653191382000,2.14,2.49,8.96,39.989838,0.0,0.0,0.0
21,Sitting,118653231482000,2.22,2.53,8.92,40.029938,0.0,0.0,0.0
21,Sitting,118653311469000,2.26,2.45,9.0,40.109925,0.0,0.0,0.0
21,Sitting,118653351691000,2.26,2.53,9.0,40.150147,0.0,0.0,0.0
21,Sitting,118653391455000,2.26,2.53,8.96,40.189911,0.0,0.0,0.0
21,Sitting,118653431555000,2.26,2.49,8.96,40.230011,0.0,0.0,0.0
21,Sitting,118653511481000,2.22,2.45,8.96,40.309937,0.0,0.0,0.0
21,Sitting,118653551550000,2.22,2.49,8.92,40.350006,0.0,0.0,0.0
21,Sitting,118653591467000,2.26,2.53,8.92,40.389923,0.0,0.0,0.0
21,Sitting,118653631598000,2.3,2.45,8.96,40.430054,0.0,0.0,0.0
21,Sitting,118653711493000,2.18,2.49,8.92,40.509949,0.0,0.0,0.0
21,Sitting,118653751624000,2.18,2.45,8.92,40.55008,0.0,0.0,0.0
21,Sitting,118653791480000,2.22,2.49,8.96,40.589936,0.0,0.0,0.0
21,Sitting,118653791480000,2.22,2.49,8.96,40.589936,0.0,0.0,0.0
21,Sitting,118653791480000,2.22,2.49,8.96,40.589936,0.0,0.0,0.0
21,Sitting,118653951575000,2.26,2.45,8.96,40.750031,0.0,0.0,0.0
21,Sitting,118653991461000,2.22,2.45,8.92,40.789917,0.0,0.0,0.0
21,Sitting,118654031531000,2.22,2.49,9.0,40.829987,0.0,0.0,0.0
21,Sitting,118654071600000,2.18,2.45,9.0,40.870056,0.0,0.0,0.0
21,Sitting,118654151495000,2.18,2.45,8.92,40.949951,0.0,0.0,0.0
21,Sitting,118654191473000,2.18,2.49,8.92,40.989929,0.0,0.0,0.0
21,Sitting,118654191473000,2.18,2.49,8.92,40.989929,0.0,0.0,0.0
21,Sitting,118654311530000,2.18,2.45,8.92,41.109986,0.0,0.0,0.0
21,Sitting,118654351508000,2.22,2.49,8.92,41.149964,0.0,0.0,0.0
21,Sitting,118654401617000,2.18,2.45,8.92,41.200073,0.0,0.0,0.0
21,Sitting,118654441504000,2.18,2.49,8.96,41.23996,0.0,0.0,0.0
21,Sitting,118654482031000,2.22,2.49,8.96,41.280487,0.0,0.0,0.0
21,Sitting,118654561469000,2.18,2.45,8.92,41.359925,0.0,0.0,0.0
21,Sitting,118654561469000,2.18,2.45,8.92,41.359925,0.0,0.0,0.0
21,Sitting,118654641516000,2.26,2.49,8.96,41.439972,0.0,0.0,0.0
21,Sitting,118654681647000,2.26,2.49,8.92,41.480103,0.0,0.0,0.0
21,Sitting,118654761542000,2.22,2.49,8.88,41.559998,0.0,0.0,0.0
21,Sitting,118654801611000,2.18,2.49,8.96,41.600067,0.0,0.0,0.0
21,Sitting,118654841498000,2.18,2.49,8.92,41.639954,0.0,0.0,0.0
21,Sitting,118654881720000,2.18,2.56,8.96,41.680176,0.0,0.0,0.0
21,Sitting,118654921515000,2.22,2.49,9.0,41.719971,0.0,0.0,0.0
21,Sitting,118655004401000,2.22,2.49,8.92,41.802857,0.0,0.0,0.0
21,Sitting,118655041449000,2.26,2.49,8.96,41.839905,0.0,0.0,0.0
21,Sitting,118655081641000,2.18,2.49,8.92,41.880097,0.0,0.0,0.0
21,Sitting,118655161505000,2.14,2.49,8.96,41.959961,0.0,0.0,0.0
21,Sitting,118655201483000,2.22,2.49,8.92,41.999939,0.0,0.0,0.0
21,Sitting,118679211493000,2.91,2.26,8.85,66.009949,0.0,0.5,0.0
21,Sitting,118679251501000,2.87,2.26,8.81,66.049957,0.0,0.5,0.0
21,Sitting,118679291480000,2.87,2.22,8.77,66.089936,0.0,0.5,0.0
21,Sitting,118679331488000,2.83,2.26,8.81,66.129944,0.0,0.5,0.0
21,Sitting,118679411444000,2.83,2.3,8.81,66.2099,0.0,0.5,0.0
21,Sitting,118679451483000,2.87,2.26,8.77,66.249939,0.0,0.5,0.0
21,Sitting,118679491461000,2.98,2.22,8.77,66.289917,0.0,0.5,0.0
21,Sitting,118679531470000,2.96,2.22,8.81,66.329926,0.0,0.5,0.0
21,Sitting,118679611487000,2.87,2.26,8.77,66.409943,0.0,0.5,0.0
21,Sitting,118679661475000,2.87,2.22,8.81,66.459931,0.0,0.5,0.0
21,Sitting,118679701483000,2.87,2.18,8.85,66.499939,0.0,0.5,0.0
21,Sitting,118679701483000,2.87,2.18,8.85,66.499939,0.0,0.5,0.0
21,Sitting,118679781592000,2.83,2.22,8.85,66.580048,0.0,0.5,0.0
21,Sitting,118679861456000,2.91,2.22,8.88,66.659912,0.0,0.5,0.0
21,Sitting,118679901465000,2.91,2.26,8.85,66.699921,0.0,0.5,0.0
21,Sitting,118679941534000,2.87,2.18,8.81,66.73999,0.0,0.5,0.0
21,Sitting,118679941534000,2.87,2.18,8.81,66.73999,0.0,0.5,0.0
21,Sitting,118680061469000,2.79,2.22,8.69,66.859925,0.0,0.5,0.0
21,Sitting,118680101569000,2.83,2.22,8.85,66.900025,0.0,0.5,0.0
21,Sitting,118680141577000,2.87,2.18,8.88,66.940033,0.0,0.5,0.0
21,Sitting,118680181647000,2.87,2.22,8.81,66.980103,0.0,0.5,0.0
21,Sitting,118680261481000,2.83,2.18,8.88,67.059937,0.0,0.5,0.0
21,Sitting,118680301794000,2.79,2.22,8.81,67.10025,0.0,0.5,0.0
21,Sitting,118680341467000,2.79,2.26,8.81,67.139923,0.0,0.5,0.0
21,Sitting,118680381720000,2.75,2.22,8.81,67.180176,0.0,0.5,0.0
21,Sitting,118680461615000,2.68,2.15,8.85,67.260071,0.0,0.5,0.0
21,Sitting,118680501471000,2.75,2.18,8.85,67.299927,0.0,0.5,0.0
21,Sitting,118680541480000,2.75,2.22,8.85,67.339936,0.0,0.5,0.0
21,Sitting,118680581610000,2.79,2.22,8.85,67.380066,0.0,0.5,0.0
21,Sitting,118680661475000,2.68,2.26,8.88,67.459931,0.0,0.5,0.0
21,Sitting,118680701483000,2.72,2.22,8.81,67.499939,0.0,0.5,0.0
21,Sitting,118680741522000,2.68,2.22,8.85,67.539978,0.0,0.5,0.0
21,Sitting,118680781531000,2.68,2.18,8.88,67.579987,0.0,0.5,0.0
21,Sitting,118680861487000,2.79,2.18,8.96,67.659943,0.0,0.5,0.0
21,Sitting,118680901465000,2.75,2.22,8.88,67.699921,0.0,0.5,0.0
21,Sitting,118680941473000,2.75,2.18,8.81,67.739929,0.0,0.5,0.0
21,Sitting,118680981573000,2.83,2.18,8.81,67.780029,0.0,0.5,0.0
21,Sitting,118681061499000,2.75,2.22,8.81,67.859955,0.0,0.5,0.0
21,Sitting,118681101477000,2.75,2.26,8.88,67.899933,0.0,0.5,0.0
21,Sitting,118681141577000,2.68,2.26,8.88,67.940033,0.0,0.5,0.0
21,Sitting,118681181647000,2.72,2.18,8.85,67.980103,0.0,0.5,0.0
21,Sitting,118681341284000,2.68,2.22,8.92,68.13974,0.0,0.5,0.0
21,Sitting,118681341284000,2.68,2.22,8.92,68.13974,0.0,0.5,0.0
21,Sitting,118681341284000,2.68,2.22,8.92,68.13974,0.0,0.5,0.0
21,Sitting,118681381903000,2.72,2.26,8.85,68.180359,0.0,0.5,0.0
21,Sitting,118681461462000,2.72,2.26,8.85,68.259918,0.0,0.5,0.0
21,Sitting,118681501471000,2.64,2.26,8.85,68.299927,0.0,0.5,0.0
21,Sitting,118681541480000,2.64,2.22,8.85,68.339936,0.0,0.5,0.0
21,Sitting,118681581641000,2.68,2.26,8.92,68.380097,0.0,0.5,0.0
21,Sitting,118681661475000,2.72,2.26,8.85,68.459931,0.0,0.5,0.0
21,Sitting,118681701483000,2.68,2.3,8.85,68.499939,0.0,0.5,0.0
21,Sitting,118681741522000,2.68,2.26,8.96,68.539978,0.0,0.5,0.0
21,Sitting,118681781622000,2.68,2.18,8.88,68.580078,0.0,0.5,0.0
21,Sitting,118681861487000,2.68,2.26,8.88,68.659943,0.0,0.5,0.0
21,Sitting,118681901495000,2.68,2.22,8.85,68.699951,0.0,0.5,0.0
21,Sitting,118681941657000,2.72,2.26,8.85,68.740113,0.0,0.5,0.0
21,Sitting,118681981573000,2.75,2.3,8.81,68.780029,0.0,0.5,0.0
21,Sitting,118682061407000,2.75,2.18,8.88,68.859863,0.0,0.5,0.0
21,Sitting,118682101477000,2.79,2.18,8.85,68.899933,0.0,0.5,0.0
21,Sitting,118682141608000,2.83,2.22,8.85,68.940064,0.0,0.5,0.0
21,Sitting,118682181647000,2.83,2.22,8.81,68.980103,0.0,0.5,0.0
21,Standing,118729951544000,-1.14,9.3,1.31,12.020019,0.0,0.0,0.0
21,Standing,118730031531000,-1.14,9.3,1.27,12.100006,0.0,0.0,0.0
21,Standing,118730071417000,-1.18,9.38,1.31,12.139892,0.0,0.0,0.0
21,Standing,118730111395000,-1.18,9.3,1.27,12.17987,0.0,0.0,0.0
21,Standing,118730151465000,-1.18,9.34,1.27,12.21994,0.0,0.0,0.0
21,Standing,118730231512000,-1.23,9.43,1.42,12.299987,0.0,0.0,0.0
21,Standing,118730271521000,-1.18,9.28,1.33,12.339996,0.0,0.0,0.0
21,Standing,118730311438000,-1.18,9.3,1.31,12.379913,0.0,0.0,0.0
21,Standing,118730351508000,-1.14,9.34,1.31,12.419983,0.0,0.0,0.0
21,Standing,118730432043000,-1.27,9.34,1.38,12.500518,0.0,0.0,0.0
21,Standing,118730472205000,-1.14,9.34,1.27,12.54068,0.0,0.0,0.0
21,Standing,118730511450000,-1.18,9.34,1.27,12.579925,0.0,0.0,0.0
21,Standing,118730551489000,-1.18,9.3,1.23,12.619964,0.0,0.0,0.0
21,Standing,118730631476000,-1.23,9.3,1.23,12.699951,0.0,0.0,0.0
21,Standing,118730671484000,-1.18,9.34,1.18,12.739959,0.0,0.0,0.0
21,Standing,118730711493000,-1.23,9.34,1.27,12.779968,0.0,0.0,0.0
21,Standing,118730751532000,-1.27,9.34,1.27,12.820007,0.0,0.0,0.0
21,Standing,118730831519000,-1.27,9.3,1.23,12.899994,0.0,0.0,0.0
21,Standing,118730871497000,-1.23,9.34,1.18,12.939972,0.0,0.0,0.0
21,Standing,118730911444000,-1.31,9.3,1.18,12.979919,0.0,0.0,0.0
21,Standing,118730951666000,-1.31,9.38,1.27,13.020141,0.0,0.0,0.0
21,Standing,118731031500000,-1.27,9.3,1.23,13.099975,0.0,0.0,0.0
21,Standing,118731071478000,-1.27,9.34,1.23,13.139953,0.0,0.0,0.0
21,Standing,118731111395000,-1.23,9.34,1.18,13.17987,0.0,0.0,0.0
21,Standing,118731151465000,-1.27,9.34,1.18,13.21994,0.0,0.0,0.0
21,Standing,118731231482000,-1.23,9.3,1.14,13.299957,0.0,0.0,0.0
21,Standing,118731271521000,-1.27,9.34,1.14,13.339996,0.0,0.0,0.0
21,Standing,118731311407000,-1.27,9.34,1.23,13.379882,0.0,0.0,0.0
21,Standing,118731351477000,-1.31,9.34,1.23,13.419952,0.0,0.0,0.0
21,Standing,118731431555000,-1.23,9.38,1.23,13.50003,0.0,0.0,0.0
21,Standing,118731471594000,-1.18,9.34,1.23,13.540069,0.0,0.0,0.0
21,Standing,118731511450000,-1.18,9.3,1.27,13.579925,0.0,0.0,0.0
21,Standing,118731551489000,-1.23,9.34,1.27,13.619964,0.0,0.0,0.0
21,Standing,118731631445000,-1.27,9.3,1.31,13.69992,0.0,0.0,0.0
21,Standing,118731679724000,-1.23,9.34,1.27,13.748199,0.0,0.0,0.0
21,Standing,118731679724000,-1.23,9.34,1.27,13.748199,0.0,0.0,0.0
21,Standing,118731761481000,-1.18,9.3,1.23,13.829956,0.0,0.0,0.0
21,Standing,118731801672000,-1.27,9.34,1.31,13.870147,0.0,0.0,0.0
21,Standing,118731881445000,-1.27,9.34,1.27,13.94992,0.0,0.0,0.0
21,Standing,118731921515000,-1.27,9.34,1.31,13.98999,0.0,0.0,0.0
21,Standing,118731961493000,-1.18,9.3,1.31,14.029968,0.0,0.0,0.0
21,Standing,118732001746000,-1.31,9.3,1.27,14.070221,0.0,0.0,0.0
21,Standing,118732081488000,-1.27,9.3,1.23,14.149963,0.0,0.0,0.0
21,Standing,118732121527000,-1.27,9.34,1.31,14.190002,0.0,0.0,0.0
21,Standing,118732161505000,-1.23,9.34,1.27,14.22998,0.0,0.0,0.0
21,Standing,118732201605000,-1.18,9.34,1.27,14.27008,0.0,0.0,0.0
21,Standing,118732281500000,-1.23,9.34,1.27,14.349975,0.0,0.0,0.0
21,Standing,118732321509000,-1.27,9.38,1.27,14.389984,0.0,0.0,0.0
21,Standing,118732361517000,-1.23,9.34,1.23,14.429992,0.0,0.0,0.0
21,Standing,118732531256000,-1.23,9.34,1.23,14.599731,0.0,0.0,0.0
21,Standing,118732531256000,-1.23,9.34,1.23,14.599731,0.0,0.0,0.0
21,Standing,118732531256000,-1.23,9.34,1.23,14.599731,0.0,0.0,0.0
21,Standing,118732571448000,-1.23,9.3,1.18,14.639923,0.0,0.0,0.0
21,Standing,118732611426000,-1.23,9.34,1.23,14.679901,0.0,0.0,0.0
21,Standing,118732651495000,-1.31,9.34,1.27,14.71997,0.0,0.0,0.0
21,Standing,118732731482000,-1.27,9.3,1.31,14.799957,0.0,0.0,0.0
21,Standing,118732771490000,-1.27,9.34,1.27,14.839965,0.0,0.0,0.0
21,Standing,118732811438000,-1.23,9.34,1.23,14.879913,0.0,0.0,0.0
21,Standing,118732851508000,-1.23,9.34,1.18,14.919983,0.0,0.0,0.0
21,Standing,118732931494000,-1.23,9.34,1.23,14.999969,0.0,0.0,0.0
21,Standing,118732931494000,-1.23,9.34,1.23,14.999969,0.0,0.0,0.0
21,Standing,118834971503000,-1.12,9.34,1.31,117.039978,0.0,0.0,0.5
21,Standing,118835011511000,-1.18,9.3,1.38,117.079986,0.0,0.0,0.5
21,Standing,118835011511000,-1.18,9.3,1.38,117.079986,0.0,0.0,0.5
21,Standing,118835131567000,-1.18,9.34,1.31,117.200042,0.0,0.0,0.5
21,Standing,118835171484000,-1.14,9.3,1.31,117.239959,0.0,0.0,0.5
21,Standing,118835211523000,-1.14,9.34,1.33,117.279998,0.0,0.0,0.5
21,Standing,118835251471000,-1.14,9.3,1.33,117.319946,0.0,0.0,0.5
21,Standing,118835331549000,-1.14,9.34,1.38,117.400024,0.0,0.0,0.5
21,Standing,118835371466000,-1.18,9.34,1.38,117.439941,0.0,0.0,0.5
21,Standing,118835411414000,-1.14,9.3,1.33,117.479889,0.0,0.0,0.5
21,Standing,118835451636000,-1.14,9.28,1.33,117.520111,0.0,0.0,0.5
21,Standing,118835531439000,-1.14,9.3,1.31,117.599914,0.0,0.0,0.5
21,Standing,118835571509000,-1.18,9.34,1.23,117.639984,0.0,0.0,0.5
21,Standing,118835611639000,-1.23,9.3,1.18,117.680114,0.0,0.0,0.5
21,Standing,118835651556000,-1.18,9.28,1.18,117.720031,0.0,0.0,0.5
21,Standing,118835731451000,-1.14,9.28,1.31,117.799926,0.0,0.0,0.5
21,Standing,118835771521000,-1.12,9.34,1.38,117.839996,0.0,0.0,0.5
21,Standing,118835811499000,-1.12,9.3,1.46,117.879974,0.0,0.0,0.5
21,Standing,118835851508000,-1.14,9.3,1.46,117.919983,0.0,0.0,0.5
21,Standing,118835931494000,-1.23,9.3,1.33,117.999969,0.0,0.0,0.5
21,Standing,118835971533000,-1.14,9.3,1.33,118.040008,0.0,0.0,0.5
21,Standing,118836011420000,-1.12,9.3,1.33,118.079895,0.0,0.0,0.5
21,Standing,118836051520000,-1.18,9.3,1.38,118.119995,0.0,0.0,0.5
21,Standing,118836131476000,-1.18,9.34,1.33,118.199951,0.0,0.0,0.5
21,Standing,118836171484000,-1.14,9.34,1.33,118.239959,0.0,0.0,0.5
21,Standing,118836211554000,-1.12,9.3,1.33,118.280029,0.0,0.0,0.5
21,Standing,118836251501000,-1.08,9.3,1.42,118.319976,0.0,0.0,0.5
21,Standing,118836331549000,-1.04,9.38,1.46,118.400024,0.0,0.0,0.5
21,Standing,118836451270000,-1.18,9.28,1.23,118.519745,0.0,0.0,0.5
21,Standing,118836451270000,-1.18,9.28,1.23,118.519745,0.0,0.0,0.5
21,Standing,118836451270000,-1.18,9.28,1.23,118.519745,0.0,0.0,0.5
21,Standing,118836531470000,-1.14,9.34,1.33,118.599945,0.0,0.0,0.5
21,Standing,118836571478000,-1.14,9.3,1.38,118.639953,0.0,0.0,0.5
21,Standing,118836611517000,-1.14,9.34,1.42,118.679992,0.0,0.0,0.5
21,Standing,118836651465000,-1.08,9.3,1.42,118.71994,0.0,0.0,0.5
21,Standing,118836691534000,-1.12,9.3,1.42,118.760009,0.0,0.0,0.5
21,Standing,118836774695000,-1.14,9.3,1.33,118.84317,0.0,0.0,0.5
21,Standing,118836811835000,-1.14,9.28,1.33,118.88031,0.0,0.0,0.5
21,Standing,118836851477000,-1.18,9.3,1.42,118.919952,0.0,0.0,0.5
21,Standing,118836931525000,-1.14,9.3,1.42,119.0,0.0,0.0,0.5
21,Standing,118836971503000,-1.12,9.28,1.38,119.039978,0.0,0.0,0.5
21,Standing,118837011511000,-1.08,9.28,1.5,119.079986,0.0,0.0,0.5
21,Standing,118837051520000,-0.95,9.19,1.69,119.119995,0.0,0.0,0.5
21,Standing,118837131567000,-0.93,9.28,1.69,119.200042,0.0,0.0,0.5
21,Standing,118837171484000,-0.84,9.34,1.65,119.239959,0.0,0.0,0.5
21,Standing,118837211523000,-1.08,9.3,1.5,119.279998,0.0,0.0,0.5
21,Standing,118837251501000,-1.23,9.19,1.31,119.319976,0.0,0.0,0.5
21,Standing,118837291541000,-1.38,9.38,1.18,119.360016,0.0,0.0,0.5
21,Standing,118837372717000,-1.38,9.28,1.23,119.441192,0.0,0.0,0.5
21,Standing,118837411414000,-1.31,9.51,1.27,119.479889,0.0,0.0,0.5
21,Standing,118837451636000,-1.14,9.34,1.23,119.520111,0.0,0.0,0.5
21,Standing,118837531470000,-1.14,9.3,1.46,119.599945,0.0,0.0,0.5
21,Standing,118837571478000,-1.12,9.38,1.57,119.639953,0.0,0.0,0.5
21,Standing,118837611517000,-1.08,9.23,1.61,119.679992,0.0,0.0,0.5
21,Standing,118837651526000,-1.12,9.23,1.46,119.720001,0.0,0.0,0.5
21,Standing,118837731635000,-1.08,9.28,1.57,119.80011,0.0,0.0,0.5
21,Standing,118837771490000,-0.99,9.28,1.38,119.839965,0.0,0.0,0.5
21,Standing,118837811499000,-1.08,9.3,1.38,119.879974,0.0,0.0,0.5
21,Standing,118837851630000,-1.08,9.38,1.31,119.920105,0.0,0.0,0.5
21,Standing,118837931464000,-1.08,9.3,1.33,119.999939,0.0,0.0,0.5
21,Standing,118722441565000,-1.14,9.38,1.27,4.51004,0.0,0.0,0.0
21,Standing,118722521460000,-1.14,9.3,1.27,4.589935,0.0,0.0,0.0
21,Standing,118722561469000,-1.12,9.34,1.27,4.629944,0.0,0.0,0.0
21,Standing,118722601508000,-1.14,9.3,1.27,4.669983,0.0,0.0,0.0
21,Standing,118722681616000,-1.12,9.34,1.23,4.750091,0.0,0.0,0.0
21,Standing,118722721442000,-1.14,9.34,1.27,4.789917,0.0,0.0,0.0
21,Standing,118722761511000,-1.14,9.38,1.23,4.829986,0.0,0.0,0.0
21,Standing,118722801764000,-1.18,9.23,1.18,4.870239,0.0,0.0,0.0
21,Standing,118722881445000,-1.14,9.3,1.27,4.94992,0.0,0.0,0.0
21,Standing,118722921545000,-1.12,9.3,1.27,4.99002,0.0,0.0,0.0
21,Standing,118722961493000,-1.14,9.34,1.33,5.029968,0.0,0.0,0.0
21,Standing,118723001624000,-1.08,9.3,1.33,5.070099,0.0,0.0,0.0
21,Standing,118723041602000,-1.12,9.3,1.38,5.110077,0.0,0.0,0.0
21,Standing,118723101904000,-1.12,9.3,1.33,5.170379,0.0,0.0,0.0
21,Standing,118723181494000,-1.23,9.3,1.27,5.249969,0.0,0.0,0.0
21,Standing,118723221442000,-1.12,9.3,1.27,5.289917,0.0,0.0,0.0
21,Standing,118723261511000,-1.23,9.34,1.31,5.329986,0.0,0.0,0.0
21,Standing,118723301825000,-1.14,9.3,1.31,5.3703,0.0,0.0,0.0
21,Standing,118723383673000,-1.12,9.34,1.33,5.452148,0.0,0.0,0.0
21,Standing,118723421606000,-1.08,9.3,1.31,5.490081,0.0,0.0,0.0
21,Standing,118723461523000,-1.12,9.28,1.27,5.529998,0.0,0.0,0.0
21,Standing,118723501624000,-1.12,9.34,1.31,5.570099,0.0,0.0,0.0
21,Standing,118723581488000,-1.18,9.3,1.23,5.649963,0.0,0.0,0.0
21,Standing,118723621466000,-1.12,9.34,1.31,5.689941,0.0,0.0,0.0
21,Standing,118723661719000,-1.14,9.3,1.31,5.730194,0.0,0.0,0.0
21,Standing,118723702216000,-1.08,9.34,1.38,5.770691,0.0,0.0,0.0
21,Standing,118723781470000,-1.08,9.3,1.33,5.849945,0.0,0.0,0.0
21,Standing,118723821478000,-1.12,9.38,1.33,5.889953,0.0,0.0,0.0
21,Standing,118723861487000,-1.12,9.34,1.33,5.929962,0.0,0.0,0.0
21,Standing,118723901617000,-1.14,9.3,1.38,5.970092,0.0,0.0,0.0
21,Standing,118723982886000,-1.14,9.3,1.33,6.051361,0.0,0.0,0.0
21,Standing,118724024115000,-1.12,9.43,1.42,6.09259,0.0,0.0,0.0
21,Standing,118724061530000,-1.14,9.28,1.31,6.130005,0.0,0.0,0.0
21,Standing,118724101752000,-1.14,9.3,1.23,6.170227,0.0,0.0,0.0
21,Standing,118724181525000,-1.23,9.3,1.31,6.25,0.0,0.0,0.0
21,Standing,118724221533000,-1.14,9.3,1.27,6.290008,0.0,0.0,0.0
21,Standing,118724261511000,-1.23,9.34,1.23,6.329986,0.0,0.0,0.0
21,Standing,118724301642000,-1.18,9.34,1.18,6.370117,0.0,0.0,0.0
21,Standing,118724383704000,-1.14,9.3,1.27,6.452179,0.0,0.0,0.0
21,Standing,118724383704000,-1.14,9.3,1.27,6.452179,0.0,0.0,0.0
21,Standing,118724461523000,-1.18,9.28,1.33,6.529998,0.0,0.0,0.0
21,Standing,118724501532000,-1.18,9.3,1.31,6.570007,0.0,0.0,0.0
21,Standing,118724581458000,-1.18,9.38,1.27,6.649933,0.0,0.0,0.0
21,Standing,118724621466000,-1.23,9.38,1.27,6.689941,0.0,0.0,0.0
21,Standing,118724661505000,-1.18,9.28,1.23,6.72998,0.0,0.0,0.0
21,Standing,118724701636000,-1.14,9.3,1.31,6.770111,0.0,0.0,0.0
21,Standing,118724781470000,-1.14,9.3,1.27,6.849945,0.0,0.0,0.0
21,Standing,118724821478000,-1.12,9.3,1.27,6.889953,0.0,0.0,0.0
21,Standing,118724861548000,-1.12,9.3,1.23,6.930023,0.0,0.0,0.0
21,Standing,118724901526000,-1.12,9.3,1.31,6.970001,0.0,0.0,0.0
21,Standing,118724981482000,-1.18,9.34,1.27,7.049957,0.0,0.0,0.0
21,Standing,118725021552000,-1.14,9.3,1.31,7.090027,0.0,0.0,0.0
21,Standing,118725061499000,-1.14,9.34,1.31,7.129974,0.0,0.0,0.0
21,Standing,118725101599000,-1.14,9.3,1.31,7.170074,0.0,0.0,0.0
21,Standing,118725181464000,-1.12,9.34,1.27,7.249939,0.0,0.0,0.0
21,Standing,118725221503000,-1.18,9.34,1.31,7.289978,0.0,0.0,0.0
21,Standing,118725261481000,-1.18,9.3,1.33,7.329956,0.0,0.0,0.0
21,Standing,118725301642000,-1.14,9.3,1.31,7.370117,0.0,0.0,0.0
21,Standing,118725383978000,-1.14,9.3,1.31,7.452453,0.0,0.0,0.0
21,Standing,118725422705000,-1.18,9.34,1.27,7.49118,0.0,0.0,0.0
21,Standing,118823731451000,-1.14,9.38,1.23,105.799926,0.0,0.0,0.0
21,Standing,118823771521000,-1.14,9.3,1.18,105.839996,0.0,0.0,0.0
21,Standing,118823811469000,-1.14,9.3,1.23,105.879944,0.0,0.0,0.0
21,Standing,118823851508000,-1.14,9.3,1.18,105.919983,0.0,0.0,0.0
21,Standing,118823931494000,-1.14,9.3,1.18,105.999969,0.0,0.0,0.0
21,Standing,118823971686000,-1.14,9.34,1.14,106.040161,0.0,0.0,0.0
21,Standing,118824011481000,-1.18,9.3,1.23,106.079956,0.0,0.0,0.0
21,Standing,118824051459000,-1.12,9.34,1.23,106.119934,0.0,0.0,0.0
21,Standing,118824131567000,-1.12,9.34,1.18,106.200042,0.0,0.0,0.0
21,Standing,118824171545000,-1.12,9.3,1.18,106.24002,0.0,0.0,0.0
21,Standing,118824211523000,-1.12,9.34,1.23,106.279998,0.0,0.0,0.0
21,Standing,118824251471000,-1.14,9.3,1.23,106.319946,0.0,0.0,0.0
21,Standing,118824331519000,-1.14,9.34,1.27,106.399994,0.0,0.0,0.0
21,Standing,118824371497000,-1.14,9.3,1.23,106.439972,0.0,0.0,0.0
21,Standing,118824411414000,-1.12,9.34,1.23,106.479889,0.0,0.0,0.0
21,Standing,118824456854000,-1.14,9.3,1.18,106.525329,0.0,0.0,0.0
21,Standing,118824456854000,-1.14,9.3,1.18,106.525329,0.0,0.0,0.0
21,Standing,118824581549000,-1.18,9.28,1.23,106.650024,0.0,0.0,0.0
21,Standing,118824621497000,-1.12,9.3,1.27,106.689972,0.0,0.0,0.0
21,Standing,118824661475000,-1.12,9.3,1.23,106.72995,0.0,0.0,0.0
21,Standing,118824701483000,-1.12,9.3,1.27,106.769958,0.0,0.0,0.0
21,Standing,118824781439000,-1.14,9.3,1.23,106.849914,0.0,0.0,0.0
21,Standing,118824821509000,-1.14,9.34,1.23,106.889984,0.0,0.0,0.0
21,Standing,118824861487000,-1.14,9.28,1.18,106.929962,0.0,0.0,0.0
21,Standing,118824901495000,-1.18,9.3,1.23,106.96997,0.0,0.0,0.0
21,Standing,118824981482000,-1.12,9.3,1.18,107.049957,0.0,0.0,0.0
21,Standing,118825021490000,-1.08,9.28,1.23,107.089965,0.0,0.0,0.0
21,Standing,118825061499000,-1.14,9.34,1.18,107.129974,0.0,0.0,0.0
21,Standing,118825101538000,-1.12,9.28,1.18,107.170013,0.0,0.0,0.0
21,Standing,118825181494000,-1.18,9.34,1.23,107.249969,0.0,0.0,0.0
21,Standing,118825221472000,-1.14,9.28,1.18,107.289947,0.0,0.0,0.0
21,Standing,118825261603000,-1.14,9.34,1.18,107.330078,0.0,0.0,0.0
21,Standing,118825301520000,-1.12,9.3,1.18,107.369995,0.0,0.0,0.0
21,Standing,118825381445000,-1.14,9.3,1.18,107.44992,0.0,0.0,0.0
21,Standing,118825422858000,-1.18,9.34,1.14,107.491333,0.0,0.0,0.0
21,Standing,118825478217000,-1.14,9.3,1.14,107.546692,0.0,0.0,0.0
21,Standing,118825513678000,-1.18,9.34,1.18,107.582153,0.0,0.0,0.0
21,Standing,118825551520000,-1.33,9.28,1.14,107.619995,0.0,0.0,0.0
21,Standing,118825631476000,-1.18,9.3,1.18,107.699951,0.0,0.0,0.0
21,Standing,118825671423000,-1.14,9.3,1.14,107.739898,0.0,0.0,0.0
21,Standing,118825711523000,-1.18,9.3,1.14,107.779998,0.0,0.0,0.0
21,Standing,118825751501000,-1.14,9.3,1.18,107.819976,0.0,0.0,0.0
21,Standing,118825831519000,-1.12,9.34,1.18,107.899994,0.0,0.0,0.0
21,Standing,118825871466000,-1.14,9.28,1.14,107.939941,0.0,0.0,0.0
21,Standing,118825911475000,-1.14,9.38,1.14,107.97995,0.0,0.0,0.0
21,Standing,118825951697000,-1.14,9.3,1.14,108.020172,0.0,0.0,0.0
21,Standing,118826031409000,-1.18,9.28,1.14,108.099884,0.0,0.0,0.0
21,Standing,118826076025000,-1.12,9.3,1.14,108.1445,0.0,0.0,0.0
21,Standing,118826111761000,-1.12,9.34,1.14,108.180236,0.0,0.0,0.0
21,Standing,118826151495000,-1.14,9.3,1.18,108.21997,0.0,0.0,0.0
21,Standing,118826231482000,-1.12,9.28,1.18,108.299957,0.0,0.0,0.0
21,Standing,118826271490000,-1.14,9.34,1.23,108.339965,0.0,0.0,0.0
21,Standing,118826311469000,-1.23,9.3,1.18,108.379944,0.0,0.0,0.0
21,Standing,118826351477000,-1.23,9.3,1.14,108.419952,0.0,0.0,0.0
21,Standing,118826431708000,-1.23,9.3,1.12,108.500183,0.0,0.0,0.0
21,Standing,118826471564000,-1.18,9.38,1.14,108.540039,0.0,0.0,0.0
21,Standing,118826513739000,-1.12,9.28,1.12,108.582214,0.0,0.0,0.0
21,Standing,118826552161000,-1.12,9.34,1.18,108.620636,0.0,0.0,0.0
21,Standing,118826631476000,-1.18,9.34,1.12,108.699951,0.0,0.0,0.0
21,Standing,118826671393000,-1.18,9.34,1.08,108.739868,0.0,0.0,0.0
21,Upstairs,118969911414000,0.65,3.26,1.33,29.279847,0.0,0.0,0.5
21,Upstairs,118969951392000,0.46,-1.23,-0.61,29.319825,0.0,0.0,0.5
21,Upstairs,118969993170000,0.27,3.99,2.03,29.361603,0.0,0.0,0.5
21,Upstairs,118970031470000,-1.42,18.58,2.83,29.399903,0.0,0.0,0.5
21,Upstairs,118970114294000,1.73,16.32,11.18,29.482727,0.0,0.0,0.5
21,Upstairs,118970114294000,1.73,16.32,11.18,29.482727,0.0,0.0,0.5
21,Upstairs,118970211401000,1.31,8.24,4.56,29.579834,0.0,0.0,0.5
21,Upstairs,118970451331000,-0.5,3.99,4.56,29.819764,0.0,0.0,0.5
21,Upstairs,118970451331000,-0.5,3.99,4.56,29.819764,0.0,0.0,0.5
21,Upstairs,118970451331000,-0.5,3.99,4.56,29.819764,0.0,0.0,0.5
21,Upstairs,118970451331000,-0.5,3.99,4.56,29.819764,0.0,0.0,0.5
21,Upstairs,118970451331000,-0.5,3.99,4.56,29.819764,0.0,0.0,0.5
21,Upstairs,118970491492000,2.41,10.69,2.22,29.859925,0.0,0.0,0.5
21,Upstairs,118970531592000,6.78,18.77,7.25,29.900025,0.0,0.0,0.5
21,Upstairs,118970611517000,2.22,12.91,2.72,29.97995,0.0,0.0,0.5
21,Upstairs,118970652136000,1.38,6.24,1.38,30.020569,0.0,0.0,0.5
21,Upstairs,118970691626000,-0.04,3.21,2.41,30.060059,0.0,0.0,0.5
21,Upstairs,118970771368000,2.98,0.53,-0.5,30.139801,0.0,0.0,0.5
21,Upstairs,118970812109000,3.34,3.38,-2.72,30.180542,0.0,0.0,0.5
21,Upstairs,118970852087000,-5.63,17.67,0.0,30.22052,0.0,0.0,0.5
21,Upstairs,118970891608000,-4.6,13.1,0.11,30.260041,0.0,0.0,0.5
21,Upstairs,118970931525000,2.98,12.57,3.95,30.299958,0.0,0.0,0.5
21,Upstairs,118971011511000,1.38,8.69,4.82,30.379944,0.0,0.0,0.5
21,Upstairs,118971052313000,1.27,6.02,3.72,30.420746,0.0,0.0,0.5
21,Upstairs,118971091498000,-1.5,3.87,2.56,30.459931,0.0,0.0,0.5
21,Upstairs,118971131628000,-1.12,1.76,3.95,30.500061,0.0,0.0,0.5
21,Upstairs,118971211523000,1.18,3.02,4.29,30.579956,0.0,0.0,0.5
21,Upstairs,118971252142000,-0.76,11.5,2.49,30.620575,0.0,0.0,0.5
21,Upstairs,118971292151000,1.57,17.88,8.81,30.660584,0.0,0.0,0.5
21,Upstairs,118971331519000,0.04,5.79,0.61,30.699952,0.0,0.0,0.5
21,Upstairs,118971411505000,0.57,5.83,-1.38,30.779938,0.0,0.0,0.5
21,Upstairs,118971451758000,-0.38,12.76,0.76,30.820191,0.0,0.0,0.5
21,Upstairs,118971491522000,-1.14,9.51,2.22,30.859955,0.0,0.0,0.5
21,Upstairs,118971531470000,0.76,7.86,-1.31,30.899903,0.0,0.0,0.5
21,Upstairs,118971612616000,0.5,8.05,1.31,30.981049,0.0,0.0,0.5
21,Upstairs,118971652838000,1.38,6.7,0.65,31.021271,0.0,0.0,0.5
21,Upstairs,118971691626000,0.61,7.06,-0.08,31.060059,0.0,0.0,0.5
21,Upstairs,118971731543000,-0.5,10.95,1.08,31.099976,0.0,0.0,0.5
21,Upstairs,118971811560000,3.6,9.11,1.38,31.179993,0.0,0.0,0.5
21,Upstairs,118971852240000,4.21,13.25,-0.69,31.220673,0.0,0.0,0.5
21,Upstairs,118971891516000,1.38,12.53,-1.65,31.259949,0.0,0.0,0.5
21,Upstairs,118971931677000,-1.84,10.76,0.27,31.30011,0.0,0.0,0.5
21,Upstairs,118972011481000,0.42,11.69,1.23,31.379914,0.0,0.0,0.5
21,Upstairs,118972051550000,0.84,9.89,1.42,31.419983,0.0,0.0,0.5
21,Upstairs,118972091528000,-1.04,7.7,2.45,31.459961,0.0,0.0,0.5
21,Upstairs,118972131567000,-0.19,7.86,2.26,31.5,0.0,0.0,0.5
21,Upstairs,118972211523000,-0.27,5.24,2.91,31.579956,0.0,0.0,0.5
21,Upstairs,118972251532000,-0.27,5.48,3.6,31.619965,0.0,0.0,0.5
21,Upstairs,118972291510000,0.46,8.05,5.01,31.659943,0.0,0.0,0.5
21,Upstairs,118972331580000,0.38,9.81,4.79,31.700013,0.0,0.0,0.5
21,Upstairs,118972411505000,1.73,13.29,7.21,31.779938,0.0,0.0,0.5
21,Upstairs,118972451514000,2.91,12.49,1.18,31.819947,0.0,0.0,0.5
21,Upstairs,118972491553000,0.57,5.33,2.07,31.859986,0.0,0.0,0.5
21,Upstairs,118972531531000,2.72,11.69,-0.93,31.899964,0.0,0.0,0.5
21,Upstairs,118972611517000,-1.18,8.69,1.12,31.97995,0.0,0.0,0.5
21,Upstairs,118972651434000,-2.6,8.47,1.57,32.019867,0.0,0.0,0.5
21,Upstairs,118972691595000,0.34,9.7,1.27,32.060028,0.0,0.0,0.5
21,Upstairs,118972731573000,1.65,7.5,0.76,32.100006,0.0,0.0,0.5
21,Upstairs,118972811926000,0.65,7.06,-0.27,32.180359,0.0,0.0,0.5
21,Upstairs,118972851843000,-0.27,7.7,-0.89,32.220276,0.0,0.0,0.5
21,Upstairs,119386161505000,-1.57,9.15,0.84,445.529938,0.0,0.0,0.5
21,Upstairs,119386201544000,0.65,9.04,0.34,445.569977,0.0,0.0,0.5
21,Upstairs,119386241675000,2.6,9.43,1.5,445.610108,0.0,0.0,0.5
21,Upstairs,119386323523000,6.36,10.12,0.8,445.691956,0.0,0.0,0.5
21,Upstairs,119386361548000,2.18,10.8,-0.08,445.729981,0.0,0.0,0.5
21,Upstairs,119386561316000,1.65,9.11,0.91,445.929749,0.0,0.0,0.5
21,Upstairs,119386561316000,1.65,9.11,0.91,445.929749,0.0,0.0,0.5
21,Upstairs,119386561316000,1.65,9.11,0.91,445.929749,0.0,0.0,0.5
21,Upstairs,119386561316000,1.65,9.11,0.91,445.929749,0.0,0.0,0.5
21,Upstairs,119386601874000,0.69,8.43,2.75,445.970307,0.0,0.0,0.5
21,Upstairs,119386641791000,0.53,8.66,3.11,446.010224,0.0,0.0,0.5
21,Upstairs,119386721503000,-0.76,6.59,2.72,446.089936,0.0,0.0,0.5
21,Upstairs,119386761511000,-0.04,6.66,3.53,446.129944,0.0,0.0,0.5
21,Upstairs,119386801520000,1.14,7.25,4.06,446.169953,0.0,0.0,0.5
21,Upstairs,119386841559000,0.11,6.78,3.98,446.209992,0.0,0.0,0.5
21,Upstairs,119386921576000,-0.53,9.85,5.28,446.290009,0.0,0.0,0.5
21,Upstairs,119386961707000,2.14,11.69,7.7,446.33014,0.0,0.0,0.5
21,Upstairs,119387001501000,3.41,10.8,6.66,446.369934,0.0,0.0,0.5
21,Upstairs,119387041663000,0.8,15.24,0.38,446.410096,0.0,0.0,0.5
21,Upstairs,119387121527000,3.83,4.25,-0.38,446.48996,0.0,0.0,0.5
21,Upstairs,119387161505000,5.28,13.14,1.61,446.529938,0.0,0.0,0.5
21,Upstairs,119387201514000,-2.18,8.39,1.8,446.569947,0.0,0.0,0.5
21,Upstairs,119387241583000,-0.76,8.16,0.19,446.610016,0.0,0.0,0.5
21,Upstairs,119387321661000,1.18,9.11,1.33,446.690094,0.0,0.0,0.5
21,Upstairs,119387361517000,0.95,8.69,1.33,446.72995,0.0,0.0,0.5
21,Upstairs,119387401526000,1.61,8.16,0.84,446.769959,0.0,0.0,0.5
21,Upstairs,119387441595000,1.53,8.62,0.15,446.810028,0.0,0.0,0.5
21,Upstairs,119387521613000,4.02,10.08,1.18,446.890046,0.0,0.0,0.5
21,Upstairs,119387563269000,4.79,12.6,0.8,446.931702,0.0,0.0,0.5
21,Upstairs,119387601569000,4.02,15.98,-0.53,446.970002,0.0,0.0,0.5
21,Upstairs,119387641608000,0.27,14.79,-1.04,447.010041,0.0,0.0,0.5
21,Upstairs,119387721503000,1.8,9.85,0.0,447.089936,0.0,0.0,0.5
21,Upstairs,119387761511000,0.65,9.7,0.8,447.129944,0.0,0.0,0.5
21,Upstairs,119387801672000,-0.5,10.23,1.65,447.170105,0.0,0.0,0.5
21,Upstairs,119387841650000,-1.69,7.01,1.95,447.210083,0.0,0.0,0.5
21,Upstairs,119387921576000,0.72,4.6,2.68,447.290009,0.0,0.0,0.5
21,Upstairs,119387961737000,0.84,5.41,3.95,447.33017,0.0,0.0,0.5
21,Upstairs,119388001837000,-0.15,4.94,5.33,447.37027,0.0,0.0,0.5
21,Upstairs,119388041663000,0.04,3.79,6.85,447.410096,0.0,0.0,0.5
21,Upstairs,119388121497000,1.14,8.01,9.08,447.48993,0.0,0.0,0.5
21,Upstairs,119388161566000,-1.04,12.79,7.93,447.529999,0.0,0.0,0.5
21,Upstairs,119388201514000,-1.18,13.21,7.7,447.569947,0.0,0.0,0.5
21,Upstairs,119388241614000,-0.65,4.86,1.31,447.610047,0.0,0.0,0.5
21,Upstairs,119388321478000,0.23,10.0,3.15,447.689911,0.0,0.0,0.5
21,Upstairs,119388321478000,0.23,10.0,3.15,447.689911,0.0,0.0,0.5
21,Upstairs,119388421515000,1.95,6.28,1.42,447.789948,0.0,0.0,0.5
21,Upstairs,119388461615000,1.65,8.28,1.46,447.830048,0.0,0.0,0.5
21,Upstairs,119388501532000,0.65,8.01,1.04,447.869965,0.0,0.0,0.5
21,Upstairs,119388541510000,0.5,8.54,1.27,447.909943,0.0,0.0,0.5
21,Upstairs,119388621771000,3.57,7.7,2.3,447.990204,0.0,0.0,0.5
21,Upstairs,119388661353000,5.63,9.28,0.95,448.029786,0.0,0.0,0.5
21,Upstairs,119388701331000,3.79,11.65,-0.42,448.069764,0.0,0.0,0.5
21,Upstairs,119388741644000,3.57,16.21,-0.61,448.110077,0.0,0.0,0.5
21,Upstairs,119388821509000,-5.75,9.89,1.65,448.189942,0.0,0.0,0.5
21,Upstairs,119388861609000,0.04,11.5,3.64,448.230042,0.0,0.0,0.5
21,Upstairs,119388901495000,2.79,11.37,2.98,448.269928,0.0,0.0,0.5
21,Upstairs,119388941657000,-0.99,8.69,2.79,448.31009,0.0,0.0,0.5
21,Upstairs,119389021826000,-0.89,5.83,3.06,448.390259,0.0,0.0,0.5
21,Upstairs,119389061499000,-1.14,3.79,3.36,448.429932,0.0,0.0,0.5
21,Upstairs,119389101599000,0.76,5.28,5.05,448.470032,0.0,0.0,0.5
21,Upstairs,119422922919000,5.28,9.92,0.65,482.291352,0.5,0.0,1.0
21,Upstairs,119422961920000,6.59,12.37,1.69,482.330353,0.5,0.0,1.0
21,Upstairs,119423001715000,3.41,13.57,-0.72,482.370148,0.5,0.0,1.0
21,Upstairs,119423041998000,2.11,9.53,-2.37,482.410431,0.5,0.0,1.0
21,Upstairs,119423121680000,3.26,13.14,1.04,482.490113,0.5,0.0,1.0
21,Upstairs,119423162085000,4.86,10.27,-1.04,482.530518,0.5,0.0,1.0
21,Upstairs,119423201697000,1.65,11.75,0.38,482.57013,0.5,0.0,1.0
21,Upstairs,119423241675000,-1.23,13.21,2.11,482.610108,0.5,0.0,1.0
21,Upstairs,119423321631000,-2.15,4.6,0.8,482.690064,0.5,0.0,1.0
21,Upstairs,119423361548000,-3.68,3.64,1.57,482.729981,0.5,0.0,1.0
21,Upstairs,119423401495000,-3.06,3.45,4.18,482.769928,0.5,0.0,1.0
21,Upstairs,119423441565000,0.3,1.99,6.4,482.809998,0.5,0.0,1.0
21,Upstairs,119423521552000,3.87,7.4,11.3,482.889985,0.5,0.0,1.0
21,Upstairs,119423561560000,-1.69,10.8,8.81,482.929993,0.5,0.0,1.0
21,Upstairs,119423601599000,-3.68,15.66,10.42,482.970032,0.5,0.0,1.0
21,Upstairs,119423641577000,1.04,5.24,5.13,483.01001,0.5,0.0,1.0
21,Upstairs,119423721625000,-3.53,11.26,5.52,483.090058,0.5,0.0,1.0
21,Upstairs,119423761511000,-0.57,8.47,3.49,483.129944,0.5,0.0,1.0
21,Upstairs,119423801642000,1.08,6.21,1.57,483.170075,0.5,0.0,1.0
21,Upstairs,119423841528000,0.61,8.66,2.03,483.209961,0.5,0.0,1.0
21,Upstairs,119423922858000,-1.42,8.28,1.99,483.291291,0.5,0.0,1.0
21,Upstairs,119423961523000,1.23,7.78,0.95,483.329956,0.5,0.0,1.0
21,Upstairs,119424001807000,1.88,7.89,0.8,483.37024,0.5,0.0,1.0
21,Upstairs,119424041571000,1.04,8.89,1.46,483.410004,0.5,0.0,1.0
21,Upstairs,119424121527000,2.11,8.28,2.34,483.48996,0.5,0.0,1.0
21,Upstairs,119424161841000,4.21,7.63,2.91,483.530274,0.5,0.0,1.0
21,Upstairs,119424201575000,4.37,10.65,0.91,483.570008,0.5,0.0,1.0
21,Upstairs,119424241522000,1.69,14.41,-0.53,483.609955,0.5,0.0,1.0
21,Upstairs,119424321509000,-1.08,12.91,0.08,483.689942,0.5,0.0,1.0
21,Upstairs,119424361578000,0.69,11.45,0.95,483.730011,0.5,0.0,1.0
21,Upstairs,119424401648000,1.53,10.95,1.92,483.770081,0.5,0.0,1.0
21,Upstairs,119424441534000,0.42,9.34,2.53,483.809967,0.5,0.0,1.0
21,Upstairs,119424521643000,-0.38,5.67,0.42,483.890076,0.5,0.0,1.0
21,Upstairs,119424561530000,-1.27,5.83,3.06,483.929963,0.5,0.0,1.0
21,Upstairs,119424601630000,-1.27,4.6,3.3,483.970063,0.5,0.0,1.0
21,Upstairs,119424641577000,0.27,4.37,4.29,484.01001,0.5,0.0,1.0
21,Upstairs,119424721625000,-0.15,5.43,7.82,484.090058,0.5,0.0,1.0
21,Upstairs,119424761511000,0.84,7.97,10.08,484.129944,0.5,0.0,1.0
21,Upstairs,119424801550000,-1.8,8.92,8.24,484.169983,0.5,0.0,1.0
21,Upstairs,119424841528000,-2.98,14.41,5.2,484.209961,0.5,0.0,1.0
21,Upstairs,119424924231000,-0.38,4.6,2.53,484.292664,0.5,0.0,1.0
21,Upstairs,119424961920000,0.89,11.73,4.33,484.330353,0.5,0.0,1.0
21,Upstairs,119425001715000,1.08,8.01,3.6,484.370148,0.5,0.0,1.0
21,Upstairs,119425041998000,1.76,5.98,1.92,484.410431,0.5,0.0,1.0
21,Upstairs,119425121588000,0.53,8.69,1.38,484.490021,0.5,0.0,1.0
21,Upstairs,119425161505000,0.27,8.2,1.08,484.529938,0.5,0.0,1.0
21,Upstairs,119425207159000,-0.27,8.5,1.12,484.575592,0.5,0.0,1.0
21,Upstairs,119425246588000,0.8,8.96,0.69,484.615021,0.5,0.0,1.0
21,Upstairs,119425323340000,4.67,8.85,1.61,484.691773,0.5,0.0,1.0
21,Upstairs,119425323340000,4.67,8.85,1.61,484.691773,0.5,0.0,1.0
21,Upstairs,119425423590000,2.07,15.66,-0.23,484.792023,0.5,0.0,1.0
21,Upstairs,119425461554000,0.11,14.94,-0.15,484.829987,0.5,0.0,1.0
21,Upstairs,119425501532000,-3.68,11.26,1.23,484.869965,0.5,0.0,1.0
21,Upstairs,119425541663000,-0.27,12.76,2.98,484.910096,0.5,0.0,1.0
21,Upstairs,119425621497000,-0.95,7.59,1.76,484.98993,0.5,0.0,1.0
21,Upstairs,119425661627000,-1.54,5.43,0.38,485.03006,0.5,0.0,1.0
21,Upstairs,119425701788000,-0.61,6.66,2.83,485.070221,0.5,0.0,1.0
21,Upstairs,119425701788000,-0.61,6.66,2.83,485.070221,0.5,0.0,1.0
21,Upstairs,119425806128000,0.19,3.76,4.59,485.174561,0.5,0.0,1.0
21,Upstairs,119425843665000,-0.72,3.87,5.48,485.212098,0.5,0.0,1.0
21,Upstairs,119089921545000,1.76,9.62,2.6,149.289978,0.5,1.0,0.5
21,Upstairs,119089961554000,-1.42,8.24,2.14,149.329987,0.5,1.0,0.5
21,Upstairs,119090001715000,-0.46,8.85,2.53,149.370148,0.5,1.0,0.5
21,Upstairs,119090041541000,-2.34,7.06,1.99,149.409974,0.5,1.0,0.5
21,Upstairs,119090121497000,-2.26,4.86,3.3,149.48993,0.5,1.0,0.5
21,Upstairs,119090161505000,0.04,6.05,5.01,149.529938,0.5,1.0,0.5
21,Upstairs,119090201544000,1.88,6.63,5.86,149.569977,0.5,1.0,0.5
21,Upstairs,119090241522000,3.41,9.11,7.55,149.609955,0.5,1.0,0.5
21,Upstairs,119090321509000,1.8,10.5,7.78,149.689942,0.5,1.0,0.5
21,Upstairs,119090364325000,0.99,11.41,3.6,149.732758,0.5,1.0,0.5
21,Upstairs,119090401526000,-0.04,7.86,3.02,149.769959,0.5,1.0,0.5
21,Upstairs,119090441534000,-1.69,0.27,2.45,149.809967,0.5,1.0,0.5
21,Upstairs,119090521521000,2.3,17.12,4.21,149.889954,0.5,1.0,0.5
21,Upstairs,119090561530000,-1.54,10.8,2.98,149.929963,0.5,1.0,0.5
21,Upstairs,119090601721000,0.65,18.92,5.67,149.970154,0.5,1.0,0.5
21,Upstairs,119090641577000,5.05,17.67,6.13,150.01001,0.5,1.0,0.5
21,Upstairs,119090721472000,-0.11,7.55,2.75,150.089905,0.5,1.0,0.5
21,Upstairs,119090761542000,-0.15,4.48,1.14,150.129975,0.5,1.0,0.5
21,Upstairs,119090801550000,1.57,2.91,0.57,150.169983,0.5,1.0,0.5
21,Upstairs,119090841528000,1.73,-3.21,-1.33,150.209961,0.5,1.0,0.5
21,Upstairs,119090921698000,1.69,13.29,1.99,150.290131,0.5,1.0,0.5
21,Upstairs,119090961707000,-0.42,20.04,10.27,150.33014,0.5,1.0,0.5
21,Upstairs,119091001501000,-0.57,17.05,13.76,150.369934,0.5,1.0,0.5
21,Upstairs,119091041510000,0.27,14.21,9.08,150.409943,0.5,1.0,0.5
21,Upstairs,119091121619000,2.07,-1.99,-1.04,150.490052,0.5,1.0,0.5
21,Upstairs,119091161536000,-0.27,-6.85,-1.8,150.529969,0.5,1.0,0.5
21,Upstairs,119091201666000,-1.33,-5.48,-2.03,150.570099,0.5,1.0,0.5
21,Upstairs,119091241553000,-1.8,6.74,4.67,150.609986,0.5,1.0,0.5
21,Upstairs,119091321539000,0.65,12.15,2.49,150.689972,0.5,1.0,0.5
21,Upstairs,119091364752000,2.53,19.04,3.3,150.733185,0.5,1.0,0.5
21,Upstairs,119091401617000,6.02,18.85,5.05,150.77005,0.5,1.0,0.5
21,Upstairs,119091441534000,2.96,15.32,2.91,150.809967,0.5,1.0,0.5
21,Upstairs,119091521490000,-5.94,4.71,2.34,150.889923,0.5,1.0,0.5
21,Upstairs,119091561499000,4.06,3.83,2.79,150.929932,0.5,1.0,0.5
21,Upstairs,119091601599000,3.36,-2.41,0.04,150.970032,0.5,1.0,0.5
21,Upstairs,119091641547000,0.0,-1.42,2.07,151.00998,0.5,1.0,0.5
21,Upstairs,119091721564000,-0.23,15.64,11.14,151.089997,0.5,1.0,0.5
21,Upstairs,119091761511000,-0.65,15.94,13.06,151.129944,0.5,1.0,0.5
21,Upstairs,119091801642000,-2.22,11.99,8.88,151.170075,0.5,1.0,0.5
21,Upstairs,119091841498000,0.19,0.89,2.68,151.209931,0.5,1.0,0.5
21,Upstairs,119091921545000,-0.93,-7.74,-2.98,151.289978,0.5,1.0,0.5
21,Upstairs,119091961615000,-3.06,5.05,1.69,151.330048,0.5,1.0,0.5
21,Upstairs,119092001837000,1.42,18.62,2.45,151.37027,0.5,1.0,0.5
21,Upstairs,119092041632000,1.84,6.97,3.98,151.410065,0.5,1.0,0.5
21,Upstairs,119092121466000,5.94,18.35,5.41,151.489899,0.5,1.0,0.5
21,Upstairs,119092161505000,2.03,13.57,3.6,151.529938,0.5,1.0,0.5
21,Upstairs,119092201514000,0.61,7.89,3.57,151.569947,0.5,1.0,0.5
21,Upstairs,119092241553000,-2.3,2.3,0.84,151.609986,0.5,1.0,0.5
21,Upstairs,119092321509000,0.76,0.04,-0.61,151.689942,0.5,1.0,0.5
21,Upstairs,119092366431000,-1.73,-0.3,1.92,151.734864,0.5,1.0,0.5
21,Upstairs,119092404852000,-1.12,16.82,5.01,151.773285,0.5,1.0,0.5
21,Upstairs,119092442480000,2.3,18.85,11.88,151.810913,0.5,1.0,0.5
21,Upstairs,119092521490000,-1.18,14.86,10.19,151.889923,0.5,1.0,0.5
21,Upstairs,119092561591000,-1.88,5.86,3.49,151.930024,0.5,1.0,0.5
21,Upstairs,119092604224000,-1.18,-2.53,-1.12,151.972657,0.5,1.0,0.5
21,Upstairs,119092641730000,-1.65,-8.5,-1.54,152.010163,0.5,1.0,0.5
21,Upstairs,119092721503000,0.27,9.66,2.41,152.089936,0.5,1.0,0.5
21,Upstairs,119092721503000,0.27,9.66,2.41,152.089936,0.5,1.0,0.5
21,Upstairs,119092802802000,2.22,4.63,3.21,152.171235,0.5,1.0,0.5
21,Downstairs,119147981604000,2.53,9.23,1.57,138.760101,0.5,0.5,0.5
21,Downstairs,119148021613000,3.02,9.11,1.65,138.80011,0.5,0.5,0.5
21,Downstairs,119148061743000,2.11,10.73,0.53,138.84024,0.5,0.5,0.5
21,Downstairs,119148101630000,2.26,11.75,-1.38,138.880127,0.5,0.5,0.5
21,Downstairs,119148181647000,-3.17,11.07,-2.45,138.960144,0.5,0.5,0.5
21,Downstairs,119148221655000,-4.14,7.55,-1.38,139.000152,0.5,0.5,0.5
21,Downstairs,119148269385000,-0.57,8.28,-1.31,139.047882,0.5,0.5,0.5
21,Downstairs,119148311438000,3.53,11.65,2.07,139.089935,0.5,0.5,0.5
21,Downstairs,119148351599000,2.91,11.6,2.87,139.130096,0.5,0.5,0.5
21,Downstairs,119148431494000,-0.31,6.51,3.26,139.209991,0.5,0.5,0.5
21,Downstairs,119148474005000,2.18,6.4,4.94,139.252502,0.5,0.5,0.5
21,Downstairs,119148591376000,2.18,6.4,4.94,139.369873,0.5,0.5,0.5
21,Downstairs,119148591376000,2.18,6.4,4.94,139.369873,0.5,0.5,0.5
21,Downstairs,119148631506000,1.61,8.39,4.4,139.410003,0.5,0.5,0.5
21,Downstairs,119148671576000,0.89,10.88,5.09,139.450073,0.5,0.5,0.5
21,Downstairs,119148711584000,-0.19,10.53,3.17,139.490081,0.5,0.5,0.5
21,Downstairs,119148751501000,-0.53,7.78,1.53,139.529998,0.5,0.5,0.5
21,Downstairs,119148831488000,1.31,-4.86,-0.69,139.609985,0.5,0.5,0.5
21,Downstairs,119148871558000,2.07,-9.3,-0.34,139.650055,0.5,0.5,0.5
21,Downstairs,119148911597000,-0.53,9.11,2.18,139.690094,0.5,0.5,0.5
21,Downstairs,119148952032000,1.92,17.5,2.41,139.730529,0.5,0.5,0.5
21,Downstairs,119149031470000,3.49,2.83,3.34,139.809967,0.5,0.5,0.5
21,Downstairs,119149071600000,2.22,15.13,6.85,139.850097,0.5,0.5,0.5
21,Downstairs,119149114813000,3.41,13.44,4.59,139.89331,0.5,0.5,0.5
21,Downstairs,119149151587000,0.84,6.85,-0.04,139.930084,0.5,0.5,0.5
21,Downstairs,119149231482000,-1.99,0.69,2.91,140.009979,0.5,0.5,0.5
21,Downstairs,119149271613000,3.36,11.88,6.55,140.05011,0.5,0.5,0.5
21,Downstairs,119149311591000,-0.76,11.22,8.39,140.090088,0.5,0.5,0.5
21,Downstairs,119149351508000,-1.18,7.12,6.47,140.130005,0.5,0.5,0.5
21,Downstairs,119149431464000,2.83,9.85,7.46,140.209961,0.5,0.5,0.5
21,Downstairs,119149473547000,3.36,8.96,4.75,140.252044,0.5,0.5,0.5
21,Downstairs,119149511603000,-0.93,9.51,2.83,140.2901,0.5,0.5,0.5
21,Downstairs,119149551611000,-3.17,5.13,-0.31,140.330108,0.5,0.5,0.5
21,Downstairs,119149631567000,3.68,-6.17,-0.89,140.410064,0.5,0.5,0.5
21,Downstairs,119149671698000,-1.61,8.5,4.1,140.450195,0.5,0.5,0.5
21,Downstairs,119149711615000,6.09,15.32,3.87,140.490112,0.5,0.5,0.5
21,Downstairs,119149751563000,4.94,14.33,2.96,140.53006,0.5,0.5,0.5
21,Downstairs,119149831610000,2.34,12.76,5.67,140.610107,0.5,0.5,0.5
21,Downstairs,119149871588000,1.99,7.4,-0.53,140.650085,0.5,0.5,0.5
21,Downstairs,119149911597000,-1.92,1.18,0.72,140.690094,0.5,0.5,0.5
21,Downstairs,119149951483000,0.89,0.04,3.79,140.72998,0.5,0.5,0.5
21,Downstairs,119150031561000,-0.89,9.89,7.44,140.810058,0.5,0.5,0.5
21,Downstairs,119150074896000,-1.46,5.79,9.19,140.853393,0.5,0.5,0.5
21,Downstairs,119150111731000,-0.69,8.73,9.11,140.890228,0.5,0.5,0.5
21,Downstairs,119150151556000,5.33,10.34,7.74,140.930053,0.5,0.5,0.5
21,Downstairs,119150231482000,-1.76,2.76,-1.14,141.009979,0.5,0.5,0.5
21,Downstairs,119150271613000,0.95,-7.31,0.04,141.05011,0.5,0.5,0.5
21,Downstairs,119150311591000,1.42,-2.37,-1.23,141.090088,0.5,0.5,0.5
21,Downstairs,119150398352000,6.97,13.06,3.83,141.176849,0.5,0.5,0.5
21,Downstairs,119150398352000,6.97,13.06,3.83,141.176849,0.5,0.5,0.5
21,Downstairs,119150471564000,2.68,9.08,5.86,141.250061,0.5,0.5,0.5
21,Downstairs,119150511481000,0.23,12.3,5.18,141.289978,0.5,0.5,0.5
21,Downstairs,119150551520000,3.17,10.31,1.04,141.330017,0.5,0.5,0.5
21,Downstairs,119150631506000,-1.95,3.02,4.1,141.410003,0.5,0.5,0.5
21,Downstairs,119150671820000,-0.76,9.96,6.51,141.450317,0.5,0.5,0.5
21,Downstairs,119150711615000,1.23,9.72,7.5,141.490112,0.5,0.5,0.5
21,Downstairs,119150751532000,-2.6,7.44,8.16,141.530029,0.5,0.5,0.5
21,Downstairs,119150831610000,4.63,5.43,5.82,141.610107,0.5,0.5,0.5
21,Downstairs,119150871497000,0.19,6.85,4.33,141.649994,0.5,0.5,0.5
21,Downstairs,119150911597000,-3.95,10.61,2.41,141.690094,0.5,0.5,0.5
21,Downstairs,119150952826000,-2.68,5.79,0.19,141.731323,0.5,0.5,0.5
21,Downstairs,119493721625000,3.34,10.0,0.99,484.500122,0.5,0.0,0.5
21,Downstairs,119493801489000,-0.11,-2.07,0.08,484.579986,0.5,0.0,0.5
21,Downstairs,119493841559000,1.69,8.35,7.12,484.620056,0.5,0.0,0.5
21,Downstairs,119493882269000,0.57,13.95,8.24,484.660766,0.5,0.0,0.5
21,Downstairs,119493921698000,0.11,7.06,6.21,484.700195,0.5,0.0,0.5
21,Downstairs,119493962347000,-5.41,10.76,10.84,484.740844,0.5,0.0,0.5
21,Downstairs,119494043616000,3.21,5.37,3.06,484.822113,0.5,0.0,0.5
21,Downstairs,119494083594000,-3.17,0.53,-2.49,484.862091,0.5,0.0,0.5
21,Downstairs,119494121527000,1.73,0.27,2.91,484.900024,0.5,0.0,0.5
21,Downstairs,119494161658000,2.56,-2.79,1.33,484.940155,0.5,0.0,0.5
21,Downstairs,119494241492000,2.11,14.48,5.05,485.019989,0.5,0.0,0.5
21,Downstairs,119494282080000,9.72,16.09,4.67,485.060577,0.5,0.0,0.5
21,Downstairs,119494321661000,5.24,4.1,2.87,485.100158,0.5,0.0,0.5
21,Downstairs,119494401587000,6.05,15.79,1.92,485.180084,0.5,0.0,0.5
21,Downstairs,119494441504000,-1.46,10.61,3.53,485.220001,0.5,0.0,0.5
21,Downstairs,119494481635000,-1.95,12.37,5.86,485.260132,0.5,0.0,0.5
21,Downstairs,119494521613000,-2.6,11.37,5.2,485.30011,0.5,0.0,0.5
21,Downstairs,119494731451000,-3.06,2.96,1.31,485.509948,0.5,0.0,0.5
21,Downstairs,119494731451000,-3.06,5.6,3.53,485.509948,0.5,0.0,0.5
21,Downstairs,119494771674000,-1.61,5.6,3.53,485.550171,0.5,0.0,0.5
21,Downstairs,119494771674000,-1.61,5.6,3.53,485.550171,0.5,0.0,0.5
21,Downstairs,119494771674000,-1.61,5.6,3.53,485.550171,0.5,0.0,0.5
21,Downstairs,119494851569000,-0.42,10.73,6.59,485.630066,0.5,0.0,0.5
21,Downstairs,119494891455000,3.21,15.02,9.66,485.669952,0.5,0.0,0.5
21,Downstairs,119494931738000,0.19,12.37,4.44,485.710235,0.5,0.0,0.5
21,Downstairs,119494972266000,-5.75,5.28,-0.19,485.750763,0.5,0.0,0.5
21,Downstairs,119495051550000,-0.15,14.1,-1.46,485.830047,0.5,0.0,0.5
21,Downstairs,119495091711000,-1.65,9.19,-0.31,485.870208,0.5,0.0,0.5
21,Downstairs,119495131567000,-2.72,9.08,-2.15,485.910064,0.5,0.0,0.5
21,Downstairs,119495171667000,1.27,9.43,-2.79,485.950164,0.5,0.0,0.5
21,Downstairs,119495251563000,5.05,8.35,0.57,486.03006,0.5,0.0,0.5
21,Downstairs,119495291571000,6.17,9.04,2.64,486.070068,0.5,0.0,0.5
21,Downstairs,119495331580000,5.79,7.7,2.3,486.110077,0.5,0.0,0.5
21,Downstairs,119495371527000,3.11,7.74,3.17,486.150024,0.5,0.0,0.5
21,Downstairs,119495411505000,2.22,7.86,2.11,486.190002,0.5,0.0,0.5
21,Downstairs,119495491858000,1.42,9.15,0.76,486.270355,0.5,0.0,0.5
21,Downstairs,119495531592000,-0.95,10.23,0.91,486.310089,0.5,0.0,0.5
21,Downstairs,119495573737000,-1.88,11.37,0.65,486.352234,0.5,0.0,0.5
21,Downstairs,119495673895000,-0.34,10.92,-3.57,486.452392,0.5,0.0,0.5
21,Downstairs,119495673895000,-0.34,10.92,-3.57,486.452392,0.5,0.0,0.5
21,Downstairs,119495711493000,-3.53,12.72,4.44,486.48999,0.5,0.0,0.5
21,Downstairs,119495791632000,3.64,9.34,1.08,486.570129,0.5,0.0,0.5
21,Downstairs,119495831580000,0.76,6.51,3.53,486.610077,0.5,0.0,0.5
21,Downstairs,119495871619000,1.12,4.99,3.57,486.650116,0.5,0.0,0.5
21,Downstairs,119495951636000,2.3,5.94,4.79,486.730133,0.5,0.0,0.5
21,Downstairs,119495991583000,1.92,6.4,4.4,486.77008,0.5,0.0,0.5
21,Downstairs,119496031470000,1.95,7.31,3.41,486.809967,0.5,0.0,0.5
21,Downstairs,119496071631000,0.19,10.08,4.56,486.850128,0.5,0.0,0.5
21,Downstairs,119496151556000,-1.08,11.3,4.18,486.930053,0.5,0.0,0.5
21,Downstairs,119496191534000,-1.95,8.54,0.99,486.970031,0.5,0.0,0.5
21,Downstairs,119496231543000,0.42,2.64,-1.69,487.01004,0.5,0.0,0.5
21,Downstairs,119496271582000,5.71,-6.13,-0.8,487.050079,0.5,0.0,0.5
21,Downstairs,119496311591000,4.14,-2.98,1.12,487.090088,0.5,0.0,0.5
21,Downstairs,119496392035000,1.27,14.1,5.37,487.170532,0.5,0.0,0.5
21,Downstairs,119496431494000,10.84,14.79,5.75,487.209991,0.5,0.0,0.5
21,Downstairs,119496471564000,6.28,6.82,1.73,487.250061,0.5,0.0,0.5
21,Downstairs,119496551459000,3.72,14.71,1.92,487.329956,0.5,0.0,0.5
21,Downstairs,119496591742000,0.69,9.34,0.5,487.370239,0.5,0.0,0.5
21,Downstairs,119496631598000,-2.64,4.75,4.59,487.410095,0.5,0.0,0.5
21,Downstairs,119496671637000,-0.04,12.98,6.66,487.450134,0.5,0.0,0.5
21,Downstairs,119160002112000,7.01,15.83,5.98,150.780609,1.0,1.0,0.5
21,Downstairs,119160081641000,6.4,13.14,8.08,150.860138,1.0,1.0,0.5
21,Downstairs,119160121497000,2.14,13.82,6.4,150.899994,1.0,1.0,0.5
21,Downstairs,119160161597000,0.76,8.05,3.79,150.940094,1.0,1.0,0.5
21,Downstairs,119160201666000,-0.84,6.32,-0.19,150.980163,1.0,1.0,0.5
21,Downstairs,119160281744000,-1.31,2.64,2.64,151.060241,1.0,1.0,0.5
21,Downstairs,119160321875000,2.64,14.86,6.7,151.100372,1.0,1.0,0.5
21,Downstairs,119160361548000,-0.34,9.81,7.01,151.140045,1.0,1.0,0.5
21,Downstairs,119160401678000,-3.76,8.54,9.72,151.180175,1.0,1.0,0.5
21,Downstairs,119160483740000,4.4,4.56,6.02,151.262237,1.0,1.0,0.5
21,Downstairs,119160521490000,2.53,6.66,3.98,151.299987,1.0,1.0,0.5
21,Downstairs,119160571509000,-1.5,7.74,1.95,151.350006,1.0,1.0,0.5
21,Downstairs,119160612280000,-1.95,-0.53,-1.42,151.390777,1.0,1.0,0.5
21,Downstairs,119160651648000,3.36,-1.84,3.11,151.430145,1.0,1.0,0.5
21,Downstairs,119160731543000,1.14,17.88,4.06,151.51004,1.0,1.0,0.5
21,Downstairs,119160771490000,5.86,16.04,3.11,151.549987,1.0,1.0,0.5
21,Downstairs,119160822272000,0.84,6.78,3.79,151.600769,1.0,1.0,0.5
21,Downstairs,119160861334000,3.3,14.67,5.2,151.639831,1.0,1.0,0.5
21,Downstairs,119160901434000,2.22,10.95,0.84,151.679931,1.0,1.0,0.5
21,Downstairs,119160981512000,-1.08,0.84,1.99,151.760009,1.0,1.0,0.5
21,Downstairs,119161021704000,3.11,1.76,4.71,151.800201,1.0,1.0,0.5
21,Downstairs,119161061591000,0.95,15.17,8.47,151.840088,1.0,1.0,0.5
21,Downstairs,119161101538000,-3.17,7.78,7.82,151.880035,1.0,1.0,0.5
21,Downstairs,119161181677000,2.22,10.95,9.58,151.960174,1.0,1.0,0.5
21,Downstairs,119161221655000,6.82,8.31,6.43,152.000152,1.0,1.0,0.5
21,Downstairs,119161261511000,-1.76,7.35,2.79,152.040008,1.0,1.0,0.5
21,Downstairs,119161311499000,-1.42,0.15,-0.57,152.089996,1.0,1.0,0.5
21,Downstairs,119161353491000,3.53,-7.35,0.61,152.131988,1.0,1.0,0.5
21,Downstairs,119161432105000,1.76,18.43,3.26,152.210602,1.0,1.0,0.5
21,Downstairs,119161471411000,7.78,15.83,4.33,152.249908,1.0,1.0,0.5
21,Downstairs,119161511450000,4.29,7.67,1.65,152.289947,1.0,1.0,0.5
21,Downstairs,119161551672000,1.38,10.8,7.08,152.330169,1.0,1.0,0.5
21,Downstairs,119161631567000,0.38,6.89,1.57,152.410064,1.0,1.0,0.5
21,Downstairs,119161671606000,0.23,-0.42,0.91,152.450103,1.0,1.0,0.5
21,Downstairs,119161712134000,3.34,1.8,2.6,152.490631,1.0,1.0,0.5
21,Downstairs,119161751532000,-0.95,14.06,7.46,152.530029,1.0,1.0,0.5
21,Downstairs,119161831580000,-4.21,10.57,9.72,152.610077,1.0,1.0,0.5
21,Downstairs,119161871558000,2.68,7.35,6.55,152.650055,1.0,1.0,0.5
21,Downstairs,119161911597000,4.33,4.79,6.47,152.690094,1.0,1.0,0.5
21,Downstairs,119161951636000,0.08,11.8,6.51,152.730133,1.0,1.0,0.5
21,Downstairs,119162031592000,-3.26,6.17,0.15,152.810089,1.0,1.0,0.5
21,Downstairs,119162071509000,1.73,2.22,0.42,152.850006,1.0,1.0,0.5
21,Downstairs,119162111639000,5.28,-6.28,1.08,152.890136,1.0,1.0,0.5
21,Downstairs,119162151556000,-1.69,9.11,3.02,152.930053,1.0,1.0,0.5
21,Downstairs,119162231512000,7.12,16.4,1.76,153.010009,1.0,1.0,0.5
21,Downstairs,119162271521000,1.5,5.71,2.45,153.050018,1.0,1.0,0.5
21,Downstairs,119162391364000,0.89,4.56,-0.93,153.169861,1.0,1.0,0.5
21,Downstairs,119162391364000,0.89,4.56,-0.93,153.169861,1.0,1.0,0.5
21,Downstairs,119162431464000,0.38,1.5,3.49,153.209961,1.0,1.0,0.5
21,Downstairs,119162471411000,2.72,8.73,6.59,153.249908,1.0,1.0,0.5
21,Downstairs,119162511603000,-1.23,12.41,7.7,153.2901,1.0,1.0,0.5
21,Downstairs,119162551611000,-1.73,7.21,6.28,153.330108,1.0,1.0,0.5
21,Downstairs,119162631476000,1.73,7.78,6.36,153.409973,1.0,1.0,0.5
21,Downstairs,119162671606000,3.79,8.24,5.05,153.450103,1.0,1.0,0.5
21,Downstairs,119162711829000,-3.91,8.81,1.5,153.490326,1.0,1.0,0.5
21,Downstairs,119162751532000,-1.57,2.49,0.61,153.530029,1.0,1.0,0.5
21,Downstairs,119162831519000,-1.42,0.99,0.0,153.610016,1.0,1.0,0.5
21,Downstairs,119162871588000,-1.46,17.82,3.11,153.650085,1.0,1.0,0.5
21,Downstairs,119162911505000,4.94,15.21,4.48,153.690002,1.0,1.0,0.5
21,Downstairs,119162951666000,4.37,4.48,0.65,153.730163,1.0,1.0,0.5
21,Downstairs,119281881537000,0.84,8.81,5.52,272.660034,0.0,0.0,0.5
21,Downstairs,119281921667000,0.11,5.37,3.06,272.700164,0.0,0.0,0.5
21,Downstairs,119281961829000,-1.5,3.34,1.57,272.740326,0.0,0.0,0.5
21,Downstairs,119282002203000,-1.57,2.53,0.99,272.7807,0.0,0.0,0.5
21,Downstairs,119282082343000,0.42,6.82,2.64,272.86084,0.0,0.0,0.5
21,Downstairs,119282121649000,1.04,8.2,4.67,272.900146,0.0,0.0,0.5
21,Downstairs,119282163489000,2.11,7.63,2.68,272.941986,0.0,0.0,0.5
21,Downstairs,119282211584000,2.07,7.5,5.6,272.990081,0.0,0.0,0.5
21,Downstairs,119282251624000,1.76,17.16,2.79,273.030121,0.0,0.0,0.5
21,Downstairs,119282332068000,6.24,10.31,2.41,273.110565,0.0,0.0,0.5
21,Downstairs,119282371436000,2.91,14.98,2.22,273.149933,0.0,0.0,0.5
21,Downstairs,119282411627000,1.95,3.83,0.99,273.190124,0.0,0.0,0.5
21,Downstairs,119282451483000,2.72,8.54,0.19,273.22998,0.0,0.0,0.5
21,Downstairs,119282531592000,1.53,7.82,0.69,273.310089,0.0,0.0,0.5
21,Downstairs,119282571600000,0.61,6.78,1.31,273.350097,0.0,0.0,0.5
21,Downstairs,119282611304000,2.3,5.01,1.04,273.389801,0.0,0.0,0.5
21,Downstairs,119282651343000,3.64,3.72,1.53,273.42984,0.0,0.0,0.5
21,Downstairs,119282732794000,1.73,10.15,3.53,273.511291,0.0,0.0,0.5
21,Downstairs,119282772192000,1.57,7.89,2.75,273.550689,0.0,0.0,0.5
21,Downstairs,119282811316000,3.21,9.43,0.69,273.589813,0.0,0.0,0.5
21,Downstairs,119282855933000,0.08,15.47,5.56,273.63443,0.0,0.0,0.5
21,Downstairs,119282931311000,1.65,15.6,9.7,273.709808,0.0,0.0,0.5
21,Downstairs,119282971411000,0.76,10.27,6.78,273.749908,0.0,0.0,0.5
21,Downstairs,119283011481000,-0.15,6.85,4.25,273.789978,0.0,0.0,0.5
21,Downstairs,119283051825000,-1.92,3.64,2.83,273.830322,0.0,0.0,0.5
21,Downstairs,119283131445000,0.23,2.07,1.42,273.909942,0.0,0.0,0.5
21,Downstairs,119283171362000,0.65,4.02,2.11,273.949859,0.0,0.0,0.5
21,Downstairs,119283211432000,1.95,12.64,3.72,273.989929,0.0,0.0,0.5
21,Downstairs,119283251563000,-1.65,8.85,4.02,274.03006,0.0,0.0,0.5
21,Downstairs,119283331396000,3.02,5.86,4.9,274.109893,0.0,0.0,0.5
21,Downstairs,119283371375000,0.8,13.06,3.98,274.149872,0.0,0.0,0.5
21,Downstairs,119283411444000,4.37,14.79,0.5,274.189941,0.0,0.0,0.5
21,Downstairs,119283451422000,5.2,11.07,5.48,274.229919,0.0,0.0,0.5
21,Downstairs,119283531439000,-0.19,6.51,0.38,274.309936,0.0,0.0,0.5
21,Downstairs,119283571326000,-0.19,6.4,-0.57,274.349823,0.0,0.0,0.5
21,Downstairs,119283611426000,1.65,9.11,-0.08,274.389923,0.0,0.0,0.5
21,Downstairs,119283651312000,1.8,8.16,0.38,274.429809,0.0,0.0,0.5
21,Walking,118022401495000,0.95,7.97,2.11,168.769256,0.5,0.5,0.5
21,Walking,118022481512000,2.72,7.21,2.68,168.849273,0.5,0.5,0.5
21,Walking,118022521765000,2.45,8.16,2.64,168.889526,0.5,0.5,0.5
21,Walking,118022561499000,4.71,11.18,1.95,168.92926,0.5,0.5,0.5
21,Walking,118022601508000,3.26,15.02,-0.04,168.969269,0.5,0.5,0.5
21,Walking,118022681586000,-1.61,11.75,-1.76,169.049347,0.5,0.5,0.5
21,Walking,118022721594000,-2.18,16.04,3.02,169.089355,0.5,0.5,0.5
21,Walking,118022761511000,2.22,12.64,2.03,169.129272,0.5,0.5,0.5
21,Walking,118022803778000,3.57,6.78,1.14,169.171539,0.5,0.5,0.5
21,Walking,118022881537000,-0.23,3.02,0.65,169.249298,0.5,0.5,0.5
21,Walking,118022921515000,-1.54,3.11,0.89,169.289276,0.5,0.5,0.5
21,Walking,118022961523000,-1.69,5.22,3.21,169.329284,0.5,0.5,0.5
21,Walking,118023001563000,-0.46,9.81,3.26,169.369324,0.5,0.5,0.5
21,Walking,118023171332000,-2.98,7.63,3.26,169.539093,0.5,0.5,0.5
21,Walking,118023171332000,-2.98,7.63,3.26,169.539093,0.5,0.5,0.5
21,Walking,118023211493000,1.84,8.28,1.12,169.579254,0.5,0.5,0.5
21,Walking,118023211493000,1.84,8.28,1.12,169.579254,0.5,0.5,0.5
21,Walking,118023251471000,7.35,9.47,-0.11,169.619232,0.5,0.5,0.5
21,Walking,118023332190000,-1.57,5.43,-0.95,169.699951,0.5,0.5,0.5
21,Walking,118023371497000,2.45,8.28,0.53,169.739258,0.5,0.5,0.5
21,Walking,118023411627000,1.65,6.89,1.92,169.779388,0.5,0.5,0.5
21,Walking,118023451636000,2.56,7.67,1.73,169.819397,0.5,0.5,0.5
21,Walking,118023531775000,3.34,8.5,2.6,169.899536,0.5,0.5,0.5
21,Walking,118023571509000,5.33,9.58,2.53,169.93927,0.5,0.5,0.5
21,Walking,118023611609000,4.29,13.53,1.46,169.97937,0.5,0.5,0.5
21,Walking,118023651648000,1.33,13.29,-1.31,170.019409,0.5,0.5,0.5
21,Walking,118023731604000,-2.22,17.05,1.46,170.099365,0.5,0.5,0.5
21,Walking,118023771674000,-0.46,14.37,1.53,170.139435,0.5,0.5,0.5
21,Walking,118023811438000,3.91,8.31,0.23,170.179199,0.5,0.5,0.5
21,Walking,118023851599000,-0.19,3.38,1.65,170.21936,0.5,0.5,0.5
21,Walking,118023931525000,-0.23,1.54,0.69,170.299286,0.5,0.5,0.5
21,Walking,118023973120000,-1.31,3.87,2.96,170.340881,0.5,0.5,0.5
21,Walking,118024011481000,0.27,9.89,5.94,170.379242,0.5,0.5,0.5
21,Walking,118024051550000,0.08,14.86,7.97,170.419311,0.5,0.5,0.5
21,Walking,118024131537000,1.08,10.65,5.05,170.499298,0.5,0.5,0.5
21,Walking,118024171606000,-1.14,14.9,0.04,170.539367,0.5,0.5,0.5
21,Walking,118024171606000,-1.14,14.9,0.04,170.539367,0.5,0.5,0.5
21,Walking,118024272406000,5.48,10.34,-0.8,170.640167,0.5,0.5,0.5
21,Walking,118024311407000,-1.69,7.89,3.53,170.679168,0.5,0.5,0.5
21,Walking,118024351416000,-0.95,4.79,-0.89,170.719177,0.5,0.5,0.5
21,Walking,118024431616000,1.04,7.12,1.95,170.799377,0.5,0.5,0.5
21,Walking,118024471503000,2.6,7.74,2.14,170.839264,0.5,0.5,0.5
21,Walking,118024511664000,2.14,7.59,2.87,170.879425,0.5,0.5,0.5
21,Walking,118024552252000,3.53,8.35,2.56,170.920013,0.5,0.5,0.5
21,Walking,118024631506000,1.69,14.44,1.46,170.999267,0.5,0.5,0.5
21,Walking,118024671606000,1.08,12.64,-1.88,171.039367,0.5,0.5,0.5
21,Walking,118024711523000,-0.95,12.53,-2.45,171.079284,0.5,0.5,0.5
21,Walking,118024751563000,-3.76,17.86,2.56,171.119324,0.5,0.5,0.5
21,Walking,118024831763000,4.1,7.16,1.18,171.199524,0.5,0.5,0.5
21,Walking,118024871466000,0.19,2.37,1.53,171.239227,0.5,0.5,0.5
21,Walking,118024911627000,0.15,2.83,1.27,171.279388,0.5,0.5,0.5
21,Walking,118024951514000,-1.18,2.96,1.46,171.319275,0.5,0.5,0.5
21,Walking,118025032568000,0.95,8.66,6.28,171.400329,0.5,0.5,0.5
21,Walking,118025071478000,1.8,14.18,7.97,171.439239,0.5,0.5,0.5
21,Walking,118025111670000,-0.31,11.73,10.65,171.479431,0.5,0.5,0.5
21,Walking,118025151587000,0.23,14.44,3.6,171.519348,0.5,0.5,0.5
21,Walking,118025233679000,-0.95,6.4,1.88,171.60144,0.5,0.5,0.5
21,Walking,118025271460000,7.7,11.37,-0.72,171.639221,0.5,0.5,0.5
21,Walking,118025315222000,-0.23,7.08,2.98,171.682983,0.5,0.5,0.5
21,Walking,118025351569000,-2.68,4.86,1.38,171.71933,0.5,0.5,0.5
